{
  "timestamp": "2026-02-25T13:37:48.906049+00:00",
  "description": "Extended STARK scaling benchmark: 32→512 states, 5 trials each, with 95% CIs.",
  "results": [
    {
      "name": "wfa_sim_32_states",
      "effective_states": 32,
      "trace_length": 32,
      "trace_width": 32,
      "num_constraints": 64,
      "num_trials": 5,
      "prove_time_mean_ms": 21.839016799999996,
      "prove_time_std_ms": 0.6274081163650183,
      "prove_time_ci95_lower_ms": 21.06011161976629,
      "prove_time_ci95_upper_ms": 22.617921980233703,
      "verify_time_mean_ms": 0.6438832,
      "verify_time_std_ms": 0.03728703671787289,
      "proof_size_bytes": 82248,
      "all_proofs_valid": true,
      "status": "verified",
      "individual_prove_times_ms": [
        22.939584,
        21.692542,
        21.631125,
        21.365333,
        21.566499999999998
      ],
      "individual_verify_times_ms": [
        0.676334,
        0.6287499999999999,
        0.6447080000000001,
        0.5894579999999999,
        0.6801659999999999
      ]
    },
    {
      "name": "wfa_sim_64_states",
      "effective_states": 64,
      "trace_length": 64,
      "trace_width": 64,
      "num_constraints": 128,
      "num_trials": 5,
      "prove_time_mean_ms": 67.43625,
      "prove_time_std_ms": 0.7988209260982699,
      "prove_time_ci95_lower_ms": 66.44454182602567,
      "prove_time_ci95_upper_ms": 68.42795817397433,
      "verify_time_mean_ms": 0.827225,
      "verify_time_std_ms": 0.04068120812488244,
      "proof_size_bytes": 109192,
      "all_proofs_valid": true,
      "status": "verified",
      "individual_prove_times_ms": [
        68.146458,
        66.726375,
        68.147834,
        67.706541,
        66.454042
      ],
      "individual_verify_times_ms": [
        0.882,
        0.832042,
        0.7723749999999999,
        0.807875,
        0.8418329999999999
      ]
    },
    {
      "name": "wfa_sim_96_states",
      "effective_states": 96,
      "trace_length": 128,
      "trace_width": 96,
      "num_constraints": 192,
      "num_trials": 5,
      "prove_time_mean_ms": 223.88479999999998,
      "prove_time_std_ms": 31.212644246800814,
      "prove_time_ci95_lower_ms": 185.13539644832412,
      "prove_time_ci95_upper_ms": 262.63420355167585,
      "verify_time_mean_ms": 1.1223918,
      "verify_time_std_ms": 0.15144291013183808,
      "proof_size_bytes": 137352,
      "all_proofs_valid": true,
      "status": "verified",
      "individual_prove_times_ms": [
        213.786542,
        213.348875,
        212.086334,
        201.250166,
        278.952083
      ],
      "individual_verify_times_ms": [
        1.2229999999999999,
        1.2032919999999998,
        0.9626250000000001,
        1.268542,
        0.9545
      ]
    },
    {
      "name": "wfa_sim_128_states",
      "effective_states": 128,
      "trace_length": 128,
      "trace_width": 128,
      "num_constraints": 256,
      "num_trials": 5,
      "prove_time_mean_ms": 358.819725,
      "prove_time_std_ms": 109.04309996785936,
      "prove_time_ci95_lower_ms": 223.44653932018048,
      "prove_time_ci95_upper_ms": 494.19291067981953,
      "verify_time_mean_ms": 0.9756832,
      "verify_time_std_ms": 0.008551256732200245,
      "proof_size_bytes": 147848,
      "all_proofs_valid": true,
      "status": "verified",
      "individual_prove_times_ms": [
        528.711583,
        300.86812499999996,
        407.73425000000003,
        276.13425,
        280.650417
      ],
      "individual_verify_times_ms": [
        0.969958,
        0.975125,
        0.97175,
        0.971,
        0.990583
      ]
    },
    {
      "name": "wfa_sim_160_states",
      "effective_states": 160,
      "trace_length": 256,
      "trace_width": 160,
      "num_constraints": 288,
      "num_trials": 5,
      "prove_time_mean_ms": 718.6631586,
      "prove_time_std_ms": 44.02166801726301,
      "prove_time_ci95_lower_ms": 664.0118011074778,
      "prove_time_ci95_upper_ms": 773.3145160925221,
      "verify_time_mean_ms": 1.1593916,
      "verify_time_std_ms": 0.005241273442590191,
      "proof_size_bytes": 177224,
      "all_proofs_valid": true,
      "status": "verified",
      "individual_prove_times_ms": [
        700.573875,
        723.105459,
        791.403875,
        675.5622089999999,
        702.6703749999999
      ],
      "individual_verify_times_ms": [
        1.1559579999999998,
        1.1676250000000001,
        1.161,
        1.1542919999999999,
        1.158083
      ]
    },
    {
      "name": "wfa_sim_192_states",
      "effective_states": 192,
      "trace_length": 256,
      "trace_width": 192,
      "num_constraints": 320,
      "num_trials": 5,
      "prove_time_mean_ms": 1119.2625752,
      "prove_time_std_ms": 94.03632847271446,
      "prove_time_ci95_lower_ms": 1002.5197702106199,
      "prove_time_ci95_upper_ms": 1236.0053801893798,
      "verify_time_mean_ms": 1.1795748,
      "verify_time_std_ms": 0.0024630934208836005,
      "proof_size_bytes": 187720,
      "all_proofs_valid": true,
      "status": "verified",
      "individual_prove_times_ms": [
        994.160959,
        1229.8083749999998,
        1191.639542,
        1107.534375,
        1073.169625
      ],
      "individual_verify_times_ms": [
        1.18025,
        1.179708,
        1.177958,
        1.17675,
        1.183208
      ]
    },
    {
      "name": "wfa_sim_224_states",
      "effective_states": 224,
      "trace_length": 256,
      "trace_width": 224,
      "num_constraints": 352,
      "num_trials": 5,
      "prove_time_mean_ms": 1140.4292917999999,
      "prove_time_std_ms": 205.74162553178314,
      "prove_time_ci95_lower_ms": 885.0082767757447,
      "prove_time_ci95_upper_ms": 1395.850306824255,
      "verify_time_mean_ms": 1.2316334000000002,
      "verify_time_std_ms": 0.027273446056558393,
      "proof_size_bytes": 198216,
      "all_proofs_valid": true,
      "status": "verified",
      "individual_prove_times_ms": [
        1243.744375,
        1070.685625,
        974.9479170000001,
        963.7981249999999,
        1448.970417
      ],
      "individual_verify_times_ms": [
        1.2095,
        1.2519580000000001,
        1.2091669999999999,
        1.218542,
        1.269
      ]
    },
    {
      "name": "wfa_sim_256_states",
      "effective_states": 256,
      "trace_length": 256,
      "trace_width": 256,
      "num_constraints": 384,
      "num_trials": 5,
      "prove_time_mean_ms": 1131.0032666000002,
      "prove_time_std_ms": 27.208295648733465,
      "prove_time_ci95_lower_ms": 1097.2251214447995,
      "prove_time_ci95_upper_ms": 1164.781411755201,
      "verify_time_mean_ms": 1.2475082,
      "verify_time_std_ms": 0.01263205178108446,
      "proof_size_bytes": 208712,
      "all_proofs_valid": true,
      "status": "verified",
      "individual_prove_times_ms": [
        1100.141,
        1124.739917,
        1174.882416,
        1130.88775,
        1124.36525
      ],
      "individual_verify_times_ms": [
        1.245625,
        1.265042,
        1.237792,
        1.234166,
        1.254916
      ]
    },
    {
      "name": "wfa_sim_320_states",
      "effective_states": 320,
      "trace_length": 512,
      "trace_width": 320,
      "num_constraints": 448,
      "num_trials": 5,
      "prove_time_mean_ms": 2946.9861248,
      "prove_time_std_ms": 166.01419473650887,
      "prove_time_ci95_lower_ms": 2740.8853223083674,
      "prove_time_ci95_upper_ms": 3153.086927291633,
      "verify_time_mean_ms": 1.5699664000000002,
      "verify_time_std_ms": 0.2760817085779135,
      "proof_size_bytes": 249800,
      "all_proofs_valid": true,
      "status": "verified",
      "individual_prove_times_ms": [
        2924.1745410000003,
        2788.80625,
        2932.715167,
        2863.738583,
        3225.496083
      ],