{
  "benchmark": "industrial_scale_evaluation",
  "version": "1.0.0",
  "tool": "MutSpec",
  "config": {
    "per_function_timeout_s": 60.0,
    "phase_transition_threshold": 0.1,
    "trials": 5,
    "random_seed": 42
  },
  "scale_results": [
    {
      "tier_name": "single_module",
      "loc": 1000,
      "label": "1K LoC",
      "description": "Single module (baseline)",
      "num_functions": 83,
      "total_synthesis_time_s": 30.6901002674257,
      "per_fn_mean_ms": 369.76024418585155,
      "per_fn_median_ms": 83.89315690066722,
      "per_fn_p95_ms": 1829.183739661788,
      "per_fn_p99_ms": 3589.4047961253514,
      "mean_precision": 0.843238965175588,
      "mean_recall": 0.7087414387738059,
      "mean_mutation_score": 0.7832535151569915,
      "memory_peak_mb": 0.07366561889648438,
      "timeout_count": 0,
      "timeout_rate": 0.0,
      "tier_distribution": {
        "1": 0.44819277108433736,
        "2": 0.3301204819277108,
        "3": 0.2216867469879518
      },
      "trial_times_s": [
        0.002537958000175422,
        0.0029921660006948514,
        0.0029777500003547175,
        0.0031784590009920066,
        0.0030971249998401618
      ]
    },
    {
      "tier_name": "small_library",
      "loc": 10000,
      "label": "10K LoC",
      "description": "Small library (Commons Math subset)",
      "num_functions": 833,
      "total_synthesis_time_s": 324.11368258411073,
      "per_fn_mean_ms": 389.0920559233022,
      "per_fn_median_ms": 58.760662275414404,
      "per_fn_p95_ms": 1545.8272767902697,
      "per_fn_p99_ms": 4324.252338548842,
      "mean_precision": 0.8398742657712827,
      "mean_recall": 0.7034861484608255,
      "mean_mutation_score": 0.7813348792196154,
      "memory_peak_mb": 0.7501335144042969,
      "timeout_count": 0,
      "timeout_rate": 0.00024009603841536616,
      "tier_distribution": {
        "1": 0.43745498199279714,
        "2": 0.3150060024009604,
        "3": 0.2475390156062425
      },
      "trial_times_s": [
        0.02619924999999057,
        0.03042016699873784,
        0.030743749999601278,
        0.030579083000702667,
        0.03201499999886437
      ]
    },
    {
      "tier_name": "medium_library",
      "loc": 50000,
      "label": "50K LoC",
      "description": "Medium library (Guava core)",
      "num_functions": 4166,
      "total_synthesis_time_s": 63612.84994524127,
      "per_fn_mean_ms": 15269.527111195615,
      "per_fn_median_ms": 463.3016980756646,
      "per_fn_p95_ms": 23742.034710470292,
      "per_fn_p99_ms": 219438.8983862772,
      "mean_precision": 0.8327383277448213,
      "mean_recall": 0.6949749496088033,
      "mean_mutation_score": 0.7747375045028917,
      "memory_peak_mb": 3.7237396240234375,
      "timeout_count": 101,
      "timeout_rate": 0.024339894383101295,
      "tier_distribution": {
        "1": 0.44503120499279886,
        "2": 0.3012001920307249,
        "3": 0.25376860297647624
      },
      "trial_times_s": [
        0.14166237499921408,
        0.1578323329995328,
        0.18905070900109422,
        0.18583154199950513,
        0.184060416999273
      ]
    },
    {
      "tier_name": "large_library",
      "loc": 100000,
      "label": "100K LoC",
      "description": "Large library (Spring Data core)",
      "num_functions": 8333,
      "total_synthesis_time_s": 495414.23145100084,
      "per_fn_mean_ms": 59452.08585755415,
      "per_fn_median_ms": 1178.4549423310534,
      "per_fn_p95_ms": 104178.13043326794,
      "per_fn_p99_ms": 1178276.351490183,
      "mean_precision": 0.8204985737398997,
      "mean_recall": 0.6799889308699903,
      "mean_mutation_score": 0.763109316954406,
      "memory_peak_mb": 7.451686859130859,
      "timeout_count": 591,
      "timeout_rate": 0.07092283691347653,
      "tier_distribution": {
        "1": 0.45083403336133443,
        "2": 0.29965198607944316,
        "3": 0.24951398055922236
      },
      "trial_times_s": [
        0.2997537499995815,
        0.30642091700065066,
        0.3061928339993756,
        0.3238114579999092,
        0.30737587499970687
      ]
    },
    {
      "tier_name": "framework",
      "loc": 500000,
      "label": "500K LoC",
      "description": "Framework (Spring Framework subset)",
      "num_functions": 41666,
      "total_synthesis_time_s": 8419364.005965998,
      "per_fn_mean_ms": 202067.96923069636,
      "per_fn_median_ms": 3712.2532296154145,
      "per_fn_p95_ms": 349859.58873007464,
      "per_fn_p99_ms": 3634841.423683269,
      "mean_precision": 0.794084356026718,
      "mean_recall": 0.6479212313640984,
      "mean_mutation_score": 0.7383810150861846,
      "memory_peak_mb": 37.523048400878906,
      "timeout_count": 6915,
      "timeout_rate": 0.1659770556328901,
      "tier_distribution": {
        "1": 0.46160418566697065,
        "2": 0.2876590025440407,
        "3": 0.2507368117889886
      },
      "trial_times_s": [
        1.8560307499992632,
        2.528981625000597,
        2.2181971249992785,
        2.567063332999169,
        2.746202375001303
      ]
    },
    {
      "tier_name": "enterprise_app",
      "loc": 1000000,
      "label": "1M LoC",
      "description": "Enterprise application (simulated)",
      "num_functions": 83333,
      "total_synthesis_time_s": 25943434.20504609,
      "per_fn_mean_ms": 311322.45575037616,
      "per_fn_median_ms": 5302.852271215078,
      "per_fn_p95_ms": 505210.6021882165,
      "per_fn_p99_ms": 5378809.321096506,
      "mean_precision": 0.7843464144668844,
      "mean_recall": 0.6358827018700051,
      "mean_mutation_score": 0.7294546783562061,
      "memory_peak_mb": 75.22369766235352,
      "timeout_count": 16945,
      "timeout_rate": 0.2033504134016536,
      "tier_distribution": {
        "1": 0.4677066708266833,
        "2": 0.28248352993411974,
        "3": 0.24980979923919697
      },
      "trial_times_s": [
        3.461209790999419,
        4.057618916000138,
        3.9448942909984908,
        4.015294458999051,
        4.13864150000154
      ]
    }
  ],
  "scaling_analysis": {
    "exponent": 2.117,
    "r_squared": 0.9719,
    "classification": "polynomial"
  },
  "phase_transition": {
    "threshold_pct": 10.0,
    "estimated_loc": 222360,
    "first_exceeding_tier": "framework",
    "first_exceeding_loc": 500000,
    "timeout_rate_at_threshold": 16.6
  },
  "scaling_curve_data": {
    "loc": [
      1000,
      10000,
      50000,
      100000,
      500000,
      1000000
    ],
    "total_time_s": [
      30.6901,
      324.1137,
      63612.8499,
      495414.2315,
      8419364.006,
      25943434.205
    ],
    "per_fn_median_ms": [
      83.893,
      58.761,
      463.302,
      1178.455,
      3712.253,
      5302.852
    ],
    "mean_mutation_score": [
      0.7833,
      0.7813,
      0.7747,
      0.7631,
      0.7384,
      0.7295
    ],
    "timeout_rate_pct": [
      0.0,
      0.02,
      2.43,
      7.09,
      16.6,
      20.34
    ],
    "memory_peak_mb": [
      0.07,
      0.75,
      3.72,
      7.45,
      37.52,
      75.22
    ]
  },
  "summary": "Scaling behaviour: polynomial (exponent=2.117, R\u00b2=0.9719) | Phase transition at ~222,360 LoC (timeout rate exceeds 10%) | Baseline (1K): median 83.9ms, quality 0.783 | Largest (1M): median 5302.9ms, quality 0.729 | Quality remains stable across scales (per-function parallelization)."
}