matrix_size,num_trials,mean_total_ms,std_total_ms,median_total_ms,min_total_ms,max_total_ms,mean_overhead
100,5,3.6021918003825704,0.07201414103328393,3.591167000195128,3.4942090005642967,3.678875000332482,1643.5402662037359
500,5,38.952307998988545,11.87374705648102,35.426291995463544,27.931374997933744,58.71225000009872,13236.185304135028
1000,5,34.82879180046439,6.820830639681189,32.40741600166075,30.591499998990912,46.875541000190424,9816.233934230904
5000,5,74.13495820001117,7.260791343901966,74.09045799977321,65.48833399938303,84.39887500026089,23558.747074668605
10000,5,223.10216639998544,33.97955646386045,211.15533300144307,197.28041600137658,281.2315409992152,67136.35726906864
