{
  "depth_2": {
    "r_squared": 0.9080949109441762,
    "theta_0_norm": 39.85545560137082,
    "theta_1_norm": 1784.1216175391912,
    "correction_ratio": 44.76480297651773,
    "test_error": 0.8962357294738359
  },
  "depth_3": {
    "r_squared": 0.8710380972327753,
    "theta_0_norm": 29.808077597432472,
    "theta_1_norm": 1363.344003441095,
    "correction_ratio": 45.73740117859709,
    "test_error": 0.9148189168240037
  },
  "depth_4": {
    "r_squared": 0.8927394338714396,
    "theta_0_norm": 17.84990000699539,
    "theta_1_norm": 805.3755004386002,
    "correction_ratio": 45.11932840623538,
    "test_error": 0.8206086007577648
  },
  "metadata": {
    "experiment": "correction_fitting",
    "timestamp": "2026-02-22 16:36:25"
  }
}