{
  "mlp": {
    "r_squared": 1.0,
    "correction_ratio": 43.05947656858106,
    "theta_0_trace": 46.549639547349734,
    "theta_1_trace": -1591.5754816595186
  },
  "resnet": {
    "r_squared": 1.0,
    "correction_ratio": 41.54309097375463,
    "theta_0_trace": 37.796965273440584,
    "theta_1_trace": -1060.0416505574094
  },
  "metadata": {
    "experiment": "resnet_vs_mlp",
    "timestamp": "2026-02-22 16:37:45"
  }
}