{
  "depth_1": {
    "depth": 1,
    "analytic_trace": 0.75,
    "analytic_cond": 6.587266276132265,
    "analytic_top_eig": 0.27021439755925025,
    "r_squared": 1.0,
    "correction_ratio": 39.91649193761121,
    "corrected_top_eig_N64": 7.48319831448392,
    "eig_shift_pct": 2669.355881628666
  },
  "depth_2": {
    "depth": 2,
    "analytic_trace": 0.5625,
    "analytic_cond": 6.15546711388664,
    "analytic_top_eig": 0.22401507210114896,
    "r_squared": 1.0,
    "correction_ratio": 43.05947656858106,
    "corrected_top_eig_N64": 9.538097282787591,
    "eig_shift_pct": 4157.7926517029555
  },
  "depth_3": {
    "depth": 3,
    "analytic_trace": 0.375,
    "analytic_cond": 5.9002126588304185,
    "analytic_top_eig": 0.15867941606027572,
    "r_squared": 1.0,
    "correction_ratio": 40.84536960890059,
    "corrected_top_eig_N64": 6.47439271647534,
    "eig_shift_pct": 3980.1717533645424
  },
  "depth_4": {
    "depth": 4,
    "analytic_trace": 0.234375,
    "analytic_cond": 5.679369474677846,
    "analytic_top_eig": 0.10252950803882135,
    "r_squared": 1.0,
    "correction_ratio": 43.47978428946652,
    "corrected_top_eig_N64": 4.231614559520127,
    "eig_shift_pct": 4027.2162877155997
  },
  "depth_5": {
    "depth": 5,
    "analytic_trace": 0.140625,
    "analytic_cond": 5.484220473411958,
    "analytic_top_eig": 0.0626473318234228,
    "r_squared": 1.0,
    "correction_ratio": 45.35291232718944,
    "corrected_top_eig_N64": 3.736126165709883,
    "eig_shift_pct": 5863.743468559445
  },
  "metadata": {
    "experiment": "depth_scaling",
    "timestamp": "2026-02-22 16:37:50"
  }
}