{
  "experiment": "init_comparison_v2",
  "results": {
    "width_64": {
      "width": 64,
      "depth": 10,
      "init_results": {
        "critical": {
          "sigma_w": 1.414213562373095,
          "mean_final_train_loss": 0.01758904574275853,
          "std_final_train_loss": 0.004193475483540825,
          "mean_test_loss": 0.02802090921341859,
          "std_test_loss": 0.004734584214643654,
          "convergence_rate": 1.0
        },
        "he": {
          "sigma_w": 1.4142135623730951,
          "mean_final_train_loss": 0.017589045742758526,
          "std_final_train_loss": 0.004193475483540825,
          "mean_test_loss": 0.028020909213418592,
          "std_test_loss": 0.004734584214643658,
          "convergence_rate": 1.0
        },
        "xavier": {
          "sigma_w": 1.0,
          "mean_final_train_loss": 0.043903962811175964,
          "std_final_train_loss": 0.0034489216657546656,
          "mean_test_loss": 0.04570175965146041,
          "std_test_loss": 0.002094504595939114,
          "convergence_rate": 1.0
        }
      },
      "best_init": "critical"
    },
    "width_128": {
      "width": 128,
      "depth": 10,
      "init_results": {
        "critical": {
          "sigma_w": 1.414213562373095,
          "mean_final_train_loss": 0.009778864951737184,
          "std_final_train_loss": 0.0016108122867445594,
          "mean_test_loss": 0.024591706035773504,
          "std_test_loss": 0.004555236940147128,
          "convergence_rate": 1.0
        },
        "he": {
          "sigma_w": 1.4142135623730951,
          "mean_final_train_loss": 0.009778864951737173,
          "std_final_train_loss": 0.0016108122867445574,
          "mean_test_loss": 0.024591706035773507,
          "std_test_loss": 0.004555236940147123,
          "convergence_rate": 1.0
        },
        "xavier": {
          "sigma_w": 1.0,
          "mean_final_train_loss": 0.04560114240167147,
          "std_final_train_loss": 0.00267523958907216,
          "mean_test_loss": 0.04345882209048037,
          "std_test_loss": 0.004791974381028895,
          "convergence_rate": 1.0
        }
      },
      "best_init": "critical"
    },
    "width_256": {
      "width": 256,
      "depth": 10,
      "init_results": {
        "critical": {
          "sigma_w": 1.414213562373095,
          "mean_final_train_loss": 0.003288476227590564,
          "std_final_train_loss": 0.00039280768784094925,
          "mean_test_loss": 0.018370424814229444,
          "std_test_loss": 0.002927597876340107,
          "convergence_rate": 1.0
        },
        "he": {
          "sigma_w": 1.4142135623730951,
          "mean_final_train_loss": 0.003288476227590558,
          "std_final_train_loss": 0.0003928076878409489,
          "mean_test_loss": 0.01837042481422946,
          "std_test_loss": 0.0029275978763401017,
          "convergence_rate": 1.0
        },
        "xavier": {
          "sigma_w": 1.0,
          "mean_final_train_loss": 0.04369872060820398,
          "std_final_train_loss": 0.004129649172867774,
          "mean_test_loss": 0.04070796587067062,
          "std_test_loss": 0.00278835515091561,
          "convergence_rate": 1.0
        }
      },
      "best_init": "critical"
    },
    "width_512": {
      "width": 512,
      "depth": 10,
      "init_results": {
        "critical": {
          "sigma_w": 1.414213562373095,
          "mean_final_train_loss": 0.0005549212345999392,
          "std_final_train_loss": 3.73278227111578e-05,
          "mean_test_loss": 0.01670971603154698,
          "std_test_loss": 0.00014243946892522272,
          "convergence_rate": 0.4
        },
        "he": {
          "sigma_w": 1.4142135623730951,
          "mean_final_train_loss": 0.0005549212345999364,
          "std_final_train_loss": 3.732782271115775e-05,
          "mean_test_loss": 0.016709716031547,
          "std_test_loss": 0.00014243946892522098,
          "convergence_rate": 0.4
        },
        "xavier": {
          "sigma_w": 1.0,
          "mean_final_train_loss": 0.03777602260154454,
          "std_final_train_loss": 0.0021590006399495286,
          "mean_test_loss": 0.037975565682313375,
          "std_test_loss": 0.0043313086270221415,
          "convergence_rate": 1.0
        }
      },
      "best_init": "critical"
    }
  }
}