{
  "experiment": "variance_correction_v2",
  "results": {
    "width_32": {
      "width": 32,
      "mf_variance": [
        1.0,
        0.72,
        0.5184,
        0.37324799999999997,
        0.26873855999999996,
        0.19349176319999997,
        0.13931406950399997,
        0.10030613004287997,
        0.07222041363087357,
        0.05199869781422897,
        0.03743906242624486
      ],
      "corrected_variance": [
        1.0,
        0.7281,
        0.5285260498409999,
        0.38280140814694025,
        0.27680396290223913,
        0.19991947880402708,
        0.1442657639027422,
        0.10403993215611336,
        0.0749964280430143,
        0.054042986351145905,
        0.03893460739225243
      ],
      "empirical_mean": [
        1.0008282642859931,
        0.725745303064322,
        0.518965602133666,
        0.4030009645939835,
        0.2866722148668186,
        0.20509488111606608,
        0.14832902399604442,
        0.1307676404940916,
        0.09262340120245853,
        0.07182791943771742,
        0.04993320064282954
      ],
      "empirical_std": [
        0.011729021524561206,
        0.03776645264616822,
        0.09819524455326555,
        0.1444948988313808,
        0.13801763365987046,
        0.17456947637343595,
        0.15747786999211832,
        0.1606875841748932,
        0.1600903175875248,
        0.14284570332286087,
        0.10011887615992404
      ],
      "mf_relative_error": 0.11300700311211598,
      "corrected_relative_error": 0.0929307266710766,
      "improvement_factor": 1.2160348590848569
    },
    "width_64": {
      "width": 64,
      "mf_variance": [
        1.0,
        0.72,
        0.5184,
        0.37324799999999997,
        0.26873855999999996,
        0.19349176319999997,
        0.13931406950399997,
        0.10030613004287997,
        0.07222041363087357,
        0.05199869781422897,
        0.03743906242624486
      ],
      "corrected_variance": [
        1.0,
        0.72405,
        0.523439206030125,
        0.3779858821814482,
        0.27272847214551305,
        0.1966657422638206,
        0.14175597795738057,
        0.10214568789632496,
        0.073587151938655,
        0.053004680424999895,
        0.0381747483653951
      ],
      "empirical_mean": [
        1.0008282642859931,
        0.7261929535115073,
        0.5352475630354767,
        0.39846272626509593,
        0.29364314589914536,
        0.21038257984279848,
        0.15941215830242345,
        0.10983797855159805,
        0.08161828782356725,
        0.060512874472028175,
        0.04561195917544264
      ],
      "empirical_std": [
        0.011729021524561206,
        0.026568893473444308,
        0.07390504308211941,
        0.08353613640668935,
        0.07396085942570413,
        0.07405936378068988,
        0.07109453889892005,
        0.058186393793834196,
        0.04518508379690601,
        0.04213513812416585,
        0.03220950608541178
      ],
      "mf_relative_error": 0.08337230063657947,
      "corrected_relative_error": 0.07090670033808105,
      "improvement_factor": 1.1758028541599426
    },
    "width_128": {
      "width": 128,
      "mf_variance": [
        1.0,
        0.72,
        0.5184,
        0.37324799999999997,
        0.26873855999999996,
        0.19349176319999997,
        0.13931406950399997,
        0.10030613004287997,
        0.07222041363087357,
        0.05199869781422897,
        0.03743906242624486
      ],
      "corrected_variance": [
        1.0,
        0.722025,
        0.5209136732037657,
        0.3756073305929458,
        0.27072296678218116,
        0.1950689502057757,
        0.1405266992362106,
        0.10121921265029804,
        0.07289857989945893,
        0.05249773878858693,
        0.03780395285325286
      ],
      "empirical_mean": [
        1.0008282642859931,
        0.7225042793278711,
        0.5172636544173205,
        0.38398043136453325,
        0.27015469033363126,
        0.19250097689457696,
        0.14746841637795613,
        0.10560245883060189,
        0.07722882680480234,
        0.05481610764802219,
        0.041262344020301135
      ],
      "empirical_std": [
        0.011729021524561206,
        0.020989217300090866,
        0.044755177960798434,
        0.061169973427862505,
        0.0640707579525002,
        0.05739056766527368,
        0.056109890868342095,
        0.041246527812336536,
        0.0320481878130461,
        0.022955434671354007,
        0.021215293148429352
      ],
      "mf_relative_error": 0.0326532555951053,
      "corrected_relative_error": 0.028777746066310752,
      "improvement_factor": 1.134670363685344
    },
    "width_256": {
      "width": 256,
      "mf_variance": [
        1.0,
        0.72,
        0.5184,
        0.37324799999999997,
        0.26873855999999996,
        0.19349176319999997,
        0.13931406950399997,
        0.10030613004287997,
        0.07222041363087357,
        0.05199869781422897,
        0.03743906242624486
      ],
      "corrected_variance": [
        1.0,
        0.7210125,
        0.5196553572629706,
        0.3744252744408001,
        0.2697281443120929,
        0.19427792659243887,
        0.13991832285822653,
        0.10076101430920795,
        0.0725582099944094,
        0.05224724169848533,
        0.03762077791935285
      ],
      "empirical_mean": [
        1.0008282642859931,
        0.7208335992053386,
        2.3301482161102824,
        29.669734693226804,
        9668.204976894829,
        8224786704.849608,
        NaN,
        NaN,
        NaN,
        NaN,
        NaN
      ],
      "empirical_std": [
        0.011729021524561206,
        0.014494644480017355,
        0.13810835095296153,
        3.5361129935383384,
        3149.663586382955,
        13045979466.964338,
        NaN,
        NaN,
        NaN,
        NaN,
        NaN
      ],
      "mf_relative_error": 0.6278168349860181,
      "corrected_relative_error": 0.6275690384651681,
      "improvement_factor": 1.0003948514118162
    },
    "width_512": {
      "width": 512,
      "mf_variance": [
        1.0,
        0.72,
        0.5184,
        0.37324799999999997,
        0.26873855999999996,
        0.19349176319999997,
        0.13931406950399997,
        0.10030613004287997,
        0.07222041363087357,
        0.05199869781422897,
        0.03743906242624486
      ],
      "corrected_variance": [
        1.0,
        0.72050625,
        0.5190273091859963,
        0.3738360409711807,
        0.26923269965067415,
        0.19388423991080697,
        0.13961568322938944,
        0.10053316002303098,
        0.07238899184294105,
        0.05212272696102595,
        0.037529738781138265
      ],
      "empirical_mean": [
        1.0008282642859931,
        0.7200942103077851,
        2.3050022463024606,
        28.385754714788636,
        7620.244914243288,
        3587003872.001834,
        NaN,
        NaN,
        NaN,
        NaN,
        NaN
      ],
      "empirical_std": [
        0.011729021524561206,
        0.012008652767003863,
        0.1102202860434282,
        2.75962777268877,
        2424.394151588675,
        6030606660.991172,
        NaN,
        NaN,
        NaN,
        NaN,
        NaN
      ],
      "mf_relative_error": 0.6271453075381794,
      "corrected_relative_error": 0.627170047507822,
      "improvement_factor": 0.9999605530115143
    }
  }
}