{
  "results": [
    {
      "activation": "relu",
      "sigma_w_star": 1.414213562373095,
      "q_star": 0.9999999999999998,
      "chi_1": 0.9999999999999998,
      "chi_2": 0.0,
      "lyapunov": -2.2204460492503136e-16,
      "bifurcation": "degenerate"
    },
    {
      "activation": "tanh",
      "sigma_w_star": 1.0098072889135845,
      "q_star": 0.010000000000995081,
      "chi_1": 0.9999999999998062,
      "chi_2": 0.037024869682331644,
      "lyapunov": -1.9384494009957111e-13,
      "bifurcation": "supercritical"
    },
    {
      "activation": "gelu",
      "sigma_w_star": 1.98147420353133,
      "q_star": 0.01000055137417302,
      "chi_1": 1.006066245195183,
      "chi_2": 0.6242124105070014,
      "lyapunov": 0.006047919604140419,
      "bifurcation": "supercritical"
    },
    {
      "activation": "silu",
      "sigma_w_star": 1.9926021296792866,
      "q_star": 0.010001365680900803,
      "chi_1": 1.0024451798615959,
      "chi_2": 0.24753654199789105,
      "lyapunov": 0.0024421952735643854,
      "bifurcation": "supercritical"
    }
  ],
  "time": 121.95240306854248
}