{
  "experiment": "activation_comparison",
  "config": {
    "input_dim": 10,
    "hidden_dim": 128,
    "depth": 5,
    "n_train": 300,
    "n_steps": 1000,
    "lr": 0.001
  },
  "results": {
    "relu": {
      "sigma_w_star": 1.4142135623730951,
      "avg_best_test": 0.34288061658541363,
      "convergence_rate": 1.0,
      "seeds": [
        {
          "seed": 0,
          "final_test": 0.31520581245422363,
          "best_test": 0.31520581245422363,
          "converged": true,
          "train_loss_curve": [
            5.7744245529174805,
            1.0234031677246094,
            0.4452938735485077,
            0.29848581552505493,
            0.22008909285068512,
            0.17036180198192596,
            0.13648679852485657,
            0.11207699030637741,
            0.09413353353738785,
            0.08033967018127441,
            0.06933870166540146,
            0.060527291148900986,
            0.05332009494304657,
            0.04732252284884453,
            0.04230746254324913,
            0.03804364800453186,
            0.03438318893313408,
            0.031200148165225983,
            0.028422068804502487,
            0.025952905416488647
          ]
        },
        {
          "seed": 1,
          "final_test": 0.3240368664264679,
          "best_test": 0.3240368664264679,
          "converged": true,
          "train_loss_curve": [
            7.72158670425415,
            0.7609927654266357,
            0.4275935888290405,
            0.29254135489463806,
            0.2179696410894394,
            0.17173901200294495,
            0.1400124877691269,
            0.1166744977235794,
            0.09893743693828583,
            0.08510563522577286,
            0.07381505519151688,
            0.06444169580936432,
            0.05674605816602707,
            0.05038972198963165,
            0.044994011521339417,
            0.04043157771229744,
            0.036514487117528915,
            0.033133480697870255,
            0.030182460322976112,
            0.027594871819019318
          ]
        },
        {
          "seed": 2,
          "final_test": 0.3893991708755493,
          "best_test": 0.3893991708755493,
          "converged": true,
          "train_loss_curve": [
            10.724620819091797,
            1.0797276496887207,
            0.4603211581707001,
            0.29877957701683044,
            0.21711187064647675,
            0.16787636280059814,
            0.13492164015769958,
            0.11153420805931091,
            0.09405472129583359,
            0.080560103058815,
            0.06991540640592575,
            0.06123637035489082,
            0.05398952588438988,
            0.04790305718779564,
            0.04268594831228256,
            0.038263265043497086,
            0.03445931151509285,
            0.031180821359157562,
            0.028319701552391052,
            0.025795375928282738
          ]
        }
      ]
    },
    "tanh": {
      "sigma_w_star": 1.0056,
      "avg_best_test": 0.3494005699952443,
      "convergence_rate": 1.0,
      "seeds": [
        {
          "seed": 0,
          "final_test": 0.33060896396636963,
          "best_test": 0.33060896396636963,
          "converged": true,
          "train_loss_curve": [
            4.635240077972412,
            1.2844594717025757,
            0.4086648225784302,
            0.31238672137260437,
            0.29761743545532227,
            0.29041844606399536,
            0.28428879380226135,
            0.27851393818855286,
            0.27297648787498474,
            0.2676420509815216,
            0.2624928653240204,
            0.25751563906669617,
            0.2526991069316864,
            0.24803338944911957,
            0.2435094714164734,
            0.23911923170089722,
            0.23485524952411652,
            0.23071075975894928,
            0.22667953372001648,
            0.22275583446025848
          ]
        },
        {
          "seed": 1,
          "final_test": 0.3362099826335907,
          "best_test": 0.3362099826335907,
          "converged": true,
          "train_loss_curve": [
            5.416121482849121,
            1.587549090385437,
            0.4858713746070862,
            0.3508695065975189,
            0.32162290811538696,
            0.3086184561252594,
            0.2995575964450836,
            0.2917318344116211,
            0.2844742238521576,
            0.27760523557662964,
            0.27106308937072754,
            0.26481541991233826,
            0.2588387727737427,
            0.2531132996082306,
            0.24762150645256042,
            0.24234779179096222,
            0.2372780293226242,
            0.2323995679616928,
            0.22770075500011444,
            0.22317108511924744
          ]
        },
        {
          "seed": 2,
          "final_test": 0.3813827633857727,
          "best_test": 0.3813827633857727,
          "converged": true,
          "train_loss_curve": [
            5.283181667327881,
            1.1542279720306396,
            0.3913043141365051,
            0.33536970615386963,
            0.3229476809501648,
            0.3137339651584625,
            0.30532678961753845,
            0.29743295907974243,
            0.2899661362171173,
            0.2828793227672577,
            0.2761375308036804,
            0.2697114646434784,
            0.2635752558708191,
            0.25770625472068787,
            0.252083957195282,
            0.24669010937213898,
            0.24150840938091278,
            0.23652389645576477,
            0.23172321915626526,
            0.22709418833255768
          ]
        }
      ]
    },
    "gelu": {
      "sigma_w_star": 1.5335,
      "avg_best_test": 0.6605537931124369,
      "convergence_rate": 1.0,
      "seeds": [
        {
          "seed": 0,
          "final_test": 0.5091847777366638,
          "best_test": 0.5091847777366638,
          "converged": true,
          "train_loss_curve": [
            6.5579514503479,
            0.8961334228515625,
            0.4775428771972656,
            0.3199286460876465,
            0.23284563422203064,
            0.17840734124183655,
            0.1419234722852707,
            0.11620168387889862,
            0.09731348603963852,
            0.08296617865562439,
            0.07175391167402267,
            0.06277982145547867,
            0.05545131117105484,
            0.04936455562710762,
            0.04423666000366211,
            0.039864037185907364,
            0.036097124218940735,
            0.0328233540058136,
            0.029956543818116188,
            0.027429597452282906
          ]
        },
        {
          "seed": 1,
          "final_test": 0.6393255591392517,
          "best_test": 0.6393255591392517,
          "converged": true,
          "train_loss_curve": [
            11.195444107055664,
            0.855898916721344,
            0.47743290662765503,
            0.31908750534057617,
            0.23211850225925446,
            0.17771361768245697,
            0.14096932113170624,
            0.11482231318950653,
            0.09547030180692673,
            0.08068981021642685,
            0.0691043809056282,
            0.05982433259487152,
            0.05225399509072304,
            0.045982521027326584,
            0.0407189317047596,
            0.0362522266805172,
            0.032425761222839355,
            0.029121151193976402,
            0.026247171685099602,
            0.023732466623187065
          ]
        },
        {
          "seed": 2,
          "final_test": 0.8331510424613953,
          "best_test": 0.8331510424613953,
          "converged": true,