{
  "experiment": "depth_scale",
  "config": {
    "input_dim": 10,
    "hidden_dim": 128,
    "n_train": 200,
    "n_steps": 500,
    "lr": 0.001
  },
  "results": {
    "sw_1.0000": {
      "sigma_w": 1.0,
      "chi_1": 0.5,
      "depth_scale": 1.4426950408889634,
      "predicted_max_depth": 7,
      "actual_max_trainable": 8,
      "depth_results": {
        "2": {
          "depth": 2,
          "init_loss": 8.46809196472168,
          "final_loss": 0.12909623980522156,
          "improvement": 0.9847549790031757,
          "trainable": true
        },
        "4": {
          "depth": 4,
          "init_loss": 8.421835899353027,
          "final_loss": 0.13525870442390442,
          "improvement": 0.9839395226836116,
          "trainable": true
        },
        "8": {
          "depth": 8,
          "init_loss": 8.036530494689941,
          "final_loss": 0.22903631627559662,
          "improvement": 0.971500597623946,
          "trainable": true
        },
        "16": {
          "depth": 16,
          "init_loss": 8.02983283996582,
          "final_loss": 7.928870677947998,
          "improvement": 0.01257338278766107,
          "trainable": false
        },
        "32": {
          "depth": 32,
          "init_loss": 8.03023910522461,
          "final_loss": 7.956194877624512,
          "improvement": 0.009220675328574401,
          "trainable": false
        }
      }
    },
    "sw_1.1000": {
      "sigma_w": 1.1,
      "chi_1": 0.6050000000000001,
      "depth_scale": 1.9899435379528119,
      "predicted_max_depth": 9,
      "actual_max_trainable": 32,
      "depth_results": {
        "2": {
          "depth": 2,
          "init_loss": 8.658184051513672,
          "final_loss": 0.1278221160173416,
          "improvement": 0.985236844671257,
          "trainable": true
        },
        "4": {
          "depth": 4,
          "init_loss": 8.685636520385742,
          "final_loss": 0.11278600990772247,
          "improvement": 0.9870146523351505,
          "trainable": true
        },
        "8": {
          "depth": 8,
          "init_loss": 8.059896469116211,
          "final_loss": 0.0922306552529335,
          "improvement": 0.9885568436758039,
          "trainable": true
        },
        "16": {
          "depth": 16,
          "init_loss": 8.02819538116455,
          "final_loss": 6.923171520233154,
          "improvement": 0.1376428709649944,
          "trainable": true
        },
        "32": {
          "depth": 32,
          "init_loss": 8.030272483825684,
          "final_loss": 6.9675211906433105,
          "improvement": 0.13234311728810355,
          "trainable": true
        }
      }
    },
    "sw_1.2000": {
      "sigma_w": 1.2,
      "chi_1": 0.72,
      "depth_scale": 3.04410234313819,
      "predicted_max_depth": 15,
      "actual_max_trainable": 32,
      "depth_results": {
        "2": {
          "depth": 2,
          "init_loss": 8.915804862976074,
          "final_loss": 0.12972408533096313,
          "improvement": 0.9854500981880326,
          "trainable": true
        },
        "4": {
          "depth": 4,
          "init_loss": 9.097793579101562,
          "final_loss": 0.10032340884208679,
          "improvement": 0.988972775874742,
          "trainable": true
        },
        "8": {
          "depth": 8,
          "init_loss": 8.162047386169434,
          "final_loss": 0.05345151945948601,
          "improvement": 0.9934512118184882,
          "trainable": true
        },
        "16": {
          "depth": 16,
          "init_loss": 8.021419525146484,
          "final_loss": 0.20076040923595428,
          "improvement": 0.9749719599371923,
          "trainable": true
        },
        "32": {
          "depth": 32,
          "init_loss": 8.03085994720459,
          "final_loss": 1.5757449865341187,
          "improvement": 0.8037887602457058,
          "trainable": true
        }
      }
    },
    "sw_1.3000": {
      "sigma_w": 1.3,
      "chi_1": 0.8450000000000001,
      "depth_scale": 5.937584646068853,
      "predicted_max_depth": 29,
      "actual_max_trainable": 32,
      "depth_results": {
        "2": {
          "depth": 2,
          "init_loss": 9.2617826461792,
          "final_loss": 0.13417617976665497,
          "improvement": 0.9855129206878972,
          "trainable": true
        },
        "4": {
          "depth": 4,
          "init_loss": 9.737530708312988,
          "final_loss": 0.08872373402118683,
          "improvement": 0.990888477101752,
          "trainable": true
        },
        "8": {
          "depth": 8,
          "init_loss": 8.568368911743164,
          "final_loss": 0.03030499257147312,
          "improvement": 0.996463155020095,
          "trainable": true
        },
        "16": {
          "depth": 16,
          "init_loss": 7.998040676116943,
          "final_loss": 0.1794871836900711,
          "improvement": 0.9775586057937864,
          "trainable": true
        },
        "32": {
          "depth": 32,
          "init_loss": 8.03938102722168,
          "final_loss": 0.014590351842343807,
          "improvement": 0.9981851399015744,
          "trainable": true
        }
      }
    },
    "sw_1.4000": {
      "sigma_w": 1.4,
      "chi_1": 0.9799999999999999,
      "depth_scale": 49.49831645250883,
      "predicted_max_depth": 100,
      "actual_max_trainable": 32,
      "depth_results": {
        "2": {
          "depth": 2,
          "init_loss": 9.722269058227539,
          "final_loss": 0.14223141968250275,
          "improvement": 0.9853705530230993,
          "trainable": true
        },
        "4": {
          "depth": 4,
          "init_loss": 10.728520393371582,
          "final_loss": 0.0768985003232956,
          "improvement": 0.9928323293889803,
          "trainable": true
        },
        "8": {
          "depth": 8,
          "init_loss": 10.040355682373047,
          "final_loss": 0.018376102671027184,
          "improvement": 0.9981697757278372,
          "trainable": true
        },
        "16": {
          "depth": 16,
          "init_loss": 7.942908763885498,
          "final_loss": 0.02698741853237152,
          "improvement": 0.996602325503841,
          "trainable": true
        },
        "32": {
          "depth": 32,
          "init_loss": 8.189072608947754,
          "final_loss": 0.004411481786519289,
          "improvement": 0.9994612965353734,
          "trainable": true
        }
      }
    },
    "sw_1.4142": {
      "sigma_w": 1.4142,
      "chi_1": 0.9999808199999999,
      "depth_scale": 52137.14337659869,
      "predicted_max_depth": 100,
      "actual_max_trainable": 32,
      "depth_results": {
        "2": {
          "depth": 2,
          "init_loss": 9.79873275756836,
          "final_loss": 0.14362649619579315,
          "improvement": 0.9853423396933794,
          "trainable": true
        },
        "4": {
          "depth": 4,
          "init_loss": 10.907761573791504,
          "final_loss": 0.07486599683761597,
          "improvement": 0.9931364472599493,
          "trainable": true
        },
        "8": {
          "depth": 8,
          "init_loss": 10.437182426452637,
          "final_loss": 0.022942839190363884,
          "improvement": 0.9978018167880044,
          "trainable": true
        },
        "16": {
          "depth": 16,
          "init_loss": 7.934679985046387,
          "final_loss": 0.01678856462240219,
          "improvement": 0.9978841535318322,
          "trainable": true
        },
        "32": {
          "depth": 32,
          "init_loss": 8.284049034118652,
          "final_loss": 0.002595443744212389,
          "improvement": 0.9996866938216417,
          "trainable": true
        }
      }
    }
  },
  "timestamp": "2026-02-23 12:21:50"
}