{
  "experiment": "phase_boundary_v3",
  "results": {
    "relu_w128": {
      "activation": "relu",
      "width": 128,
      "sigma_w_star": 1.414213562373095,
      "ci_lower": 1.1467039069820277,
      "ci_upper": 1.5964694068880112,
      "ci_width": 0.44976549990598347
    },
    "relu_w512": {
      "activation": "relu",
      "width": 512,
      "sigma_w_star": 1.414213562373095,
      "ci_lower": 1.287427190531785,
      "ci_upper": 1.5080973972203298,
      "ci_width": 0.22067020668854487
    },
    "relu_w2048": {
      "activation": "relu",
      "width": 2048,
      "sigma_w_star": 1.414213562373095,
      "ci_lower": 1.3523073160157355,
      "ci_upper": 1.461909375316514,
      "ci_width": 0.10960205930077849
    },
    "tanh_w128": {
      "activation": "tanh",
      "width": 128,
      "sigma_w_star": 1.0098072889135845,
      "ci_lower": 0.810842122418569,
      "ci_upper": 1.8106324307907413,
      "ci_width": 0.9997903083721723
    },
    "tanh_w512": {
      "activation": "tanh",
      "width": 512,
      "sigma_w_star": 1.0098072889135845,
      "ci_lower": 0.9103485345967999,
      "ci_upper": 1.4947008725098043,
      "ci_width": 0.5843523379130044
    },
    "tanh_w2048": {
      "activation": "tanh",
      "width": 2048,
      "sigma_w_star": 1.0098072889135845,
      "ci_lower": 0.9562257684693747,
      "ci_upper": 1.3124360624677374,
      "ci_width": 0.3562102939983627
    }
  }
}