{
  "depth_2": {
    "depth": 2,
    "width": 128,
    "bp2024": {
      "gamma_star": 2017.4051910263734,
      "gamma_star_extended": 1064.1238172226092,
      "lambda_max": 0.3776250757047417,
      "P_1": 0.039379236842222054,
      "P_k": 0.21082472829466875,
      "lambda_eff": 0.1337234404840493,
      "top_eigenvalues": [
        0.3776250757047417,
        0.09922885425526354,
        0.07813609639736525,
        0.07756941591254432,
        0.0679220201887141
      ],
      "top_projections": [
        0.039379236842222054,
        0.0015746878904860462,
        0.0019292674853212104,
        0.16664522215613714,
        0.0012963139205023014
      ]
    },
    "our_correction_ratio": 160.08392171009515,
    "comparison": [
      {
        "T": 50,
        "bp2024_gamma_star": 2017.4051910263734,
        "bp2024_gamma_star_extended": 1064.1238172226092,
        "our_gamma_star": 0.007428977013750606,
        "empirical_gamma_star": 0.00017177623434653773,
        "bp2024_relative_error": 11744377.951493971,
        "our_relative_error": 42.24799086446118,
        "improvement_factor": 277986.66187871405
      },
      {
        "T": 100,
        "bp2024_gamma_star": 2017.4051910263734,
        "bp2024_gamma_star_extended": 1064.1238172226092,
        "our_gamma_star": 0.003714488506875303,
        "empirical_gamma_star": 8.494991639639958e-05,
        "bp2024_relative_error": 23748170.588687718,
        "our_relative_error": 42.72562875215183,
        "improvement_factor": 555829.6339288318
      },
      {
        "T": 200,
        "bp2024_gamma_star": 2017.4051910263734,
        "bp2024_gamma_star_extended": 1064.1238172226092,
        "our_gamma_star": 0.0018572442534376516,
        "empirical_gamma_star": 4.2170067570324456e-05,
        "bp2024_relative_error": 47839741.90916346,
        "our_relative_error": 43.04176612571081,
        "improvement_factor": 1111472.5582923188
      },
      {
        "T": 500,
        "bp2024_gamma_star": 2017.4051910263734,
        "bp2024_gamma_star_extended": 1064.1238172226092,
        "our_gamma_star": 0.0007428977013750606,
        "empirical_gamma_star": 1.6685157701134215e-05,
        "bp2024_relative_error": 120910165.21852097,
        "our_relative_error": 43.5244638787298,
        "improvement_factor": 2777981.72437936
      }
    ]
  },
  "depth_3": {
    "depth": 3,
    "width": 128,
    "bp2024": {
      "gamma_star": 2647.2777813454545,
      "gamma_star_extended": 1624.910690591403,
      "lambda_max": 0.28799153040128084,
      "P_1": 0.03934975424883702,
      "P_k": 0.2054101638339982,
      "lambda_eff": 0.08988140027803669,
      "top_eigenvalues": [
        0.28799153040128084,
        0.05329678284148242,
        0.043115508625945605,
        0.042726056271346305,
        0.03805741948424286
      ],
      "top_projections": [
        0.03934975424883702,
        0.0013709776904084505,
        0.056726340156905204,
        0.10763459505123314,
        0.00032849668661441724
      ]
    },
    "our_correction_ratio": 163.8933439224903,
    "comparison": [
      {
        "T": 50,
        "bp2024_gamma_star": 2647.2777813454545,
        "bp2024_gamma_star_extended": 1624.910690591403,
        "our_gamma_star": 0.0073355896499320405,
        "empirical_gamma_star": 0.00010939710123243354,
        "bp2024_relative_error": 24198791.760704357,
        "our_relative_error": 66.05469859156761,
        "improvement_factor": 366344.7457436967
      },
      {
        "T": 100,
        "bp2024_gamma_star": 2647.2777813454545,
        "bp2024_gamma_star_extended": 1624.910690591403,
        "our_gamma_star": 0.0036677948249660202,
        "empirical_gamma_star": 5.526462346408247e-05,
        "bp2024_relative_error": 47901850.40890303,
        "our_relative_error": 65.36786057811088,
        "improvement_factor": 732804.3167584328
      },
      {
        "T": 200,
        "bp2024_gamma_star": 2647.2777813454545,
        "bp2024_gamma_star_extended": 1624.910690591403,
        "our_gamma_star": 0.0018338974124830101,
        "empirical_gamma_star": 2.6644275426586043e-05,
        "bp2024_relative_error": 99356342.49072832,
        "our_relative_error": 67.8289466732175,
        "improvement_factor": 1464807.3921802405
      },
      {
        "T": 500,
        "bp2024_gamma_star": 2647.2777813454545,
        "bp2024_gamma_star_extended": 1624.910690591403,
        "our_gamma_star": 0.000733558964993204,
        "empirical_gamma_star": 1.0629970448313622e-05,
        "bp2024_relative_error": 249039052.7036186,
        "our_relative_error": 68.00856108302527,
        "improvement_factor": 3661877.986208092
      }
    ]
  },
  "metadata": {
    "experiment": "bordelon_pehlevan_comparison",
    "input_dim": 16,
    "n_samples": 30,
    "n_seeds": 3,
    "timestamp": "2026-02-22 21:25:54"
  }
}