{
  "experiment": "toolkit_benchmark",
  "results": {
    "n10_d2": {
      "n_samples": 10,
      "depth": 2,
      "analytical_time_s": 0.0020749568939208984,
      "empirical_time_s": 0.01519474983215332,
      "speedup": 7.322923129955188,
      "relative_error": 0.17003862467015968,
      "analytical_cond": 17.772033088581423
    },
    "n10_d3": {
      "n_samples": 10,
      "depth": 3,
      "analytical_time_s": 0.0003120899200439453,
      "empirical_time_s": 0.01219940185546875,
      "speedup": 39.08938120702827,
      "relative_error": 0.13084050386143775,
      "analytical_cond": 17.355475382212067
    },
    "n10_d4": {
      "n_samples": 10,
      "depth": 4,
      "analytical_time_s": 0.0003657341003417969,
      "empirical_time_s": 0.014586591720581054,
      "speedup": 39.883050847457625,
      "relative_error": 0.11662097338697446,
      "analytical_cond": 17.11061484110346
    },
    "n20_d2": {
      "n_samples": 20,
      "depth": 2,
      "analytical_time_s": 0.00034618377685546875,
      "empirical_time_s": 0.01240396499633789,
      "speedup": 35.83057851239669,
      "relative_error": 0.22922395272538787,
      "analytical_cond": 88.12236638591838
    },
    "n20_d3": {
      "n_samples": 20,
      "depth": 3,
      "analytical_time_s": 0.00044918060302734375,
      "empirical_time_s": 0.017565584182739256,
      "speedup": 39.10583864118896,
      "relative_error": 0.1964355285874232,
      "analytical_cond": 75.11159087291378
    },
    "n20_d4": {
      "n_samples": 20,
      "depth": 4,
      "analytical_time_s": 0.000408172607421875,
      "empirical_time_s": 0.02617158889770508,
      "speedup": 64.11892523364486,
      "relative_error": 0.16568832340681464,
      "analytical_cond": 66.66938535320365
    },
    "n50_d2": {
      "n_samples": 50,
      "depth": 2,
      "analytical_time_s": 0.0007128715515136719,
      "empirical_time_s": 0.026138830184936523,
      "speedup": 36.66695652173913,
      "relative_error": 0.23721887779062542,
      "analytical_cond": 702.0386990248626
    },
    "n50_d3": {
      "n_samples": 50,
      "depth": 3,
      "analytical_time_s": 0.0007669925689697266,
      "empirical_time_s": 0.04926300048828125,
      "speedup": 64.22878458190861,
      "relative_error": 0.1926506339453775,
      "analytical_cond": 569.7433293833873
    },
    "n50_d4": {
      "n_samples": 50,
      "depth": 4,
      "analytical_time_s": 0.0008709430694580078,
      "empirical_time_s": 0.06234102249145508,
      "speedup": 71.57875718587462,
      "relative_error": 0.1646611451896213,
      "analytical_cond": 484.41974602061384
    }
  },
  "timestamp": "2026-02-23 12:25:50"
}