{
  "experiment": "phase_boundary_ci_v2",
  "results": {
    "relu_w128": {
      "activation": "relu",
      "width": 128,
      "sigma_w_star": 1.414213562373095,
      "ci_lower": 1.1556010106195678,
      "ci_upper": 1.5980800883502506,
      "ci_width": 0.44247907773068285
    },
    "relu_w512": {
      "activation": "relu",
      "width": 512,
      "sigma_w_star": 1.414213562373095,
      "ci_lower": 1.291407776891735,
      "ci_upper": 1.508950452579703,
      "ci_width": 0.21754267568796815
    },
    "relu_w2048": {
      "activation": "relu",
      "width": 2048,
      "sigma_w_star": 1.414213562373095,
      "ci_lower": 1.3542053088196606,
      "ci_upper": 1.4623495398006419,
      "ci_width": 0.10814423098098125
    }
  }
}