{
  "experiment": "init_comparison_v3",
  "results": {
    "d5_w128": {
      "depth": 5,
      "width": 128,
      "init_results": {
        "critical": {
          "sigma_w": 1.414213562373095,
          "mean_train_loss": 0.016821328722600202,
          "std_train_loss": 0.0017777504988043943,
          "mean_test_loss": 0.024687325414659896,
          "std_test_loss": 0.00330096324029648,
          "convergence_rate": 1.0,
          "n_valid": 5
        },
        "he": {
          "sigma_w": 1.4142135623730951,
          "mean_train_loss": 0.016821328722600202,
          "std_train_loss": 0.0017777504988043939,
          "mean_test_loss": 0.024687325414659903,
          "std_test_loss": 0.0033009632402964816,
          "convergence_rate": 1.0,
          "n_valid": 5
        },
        "xavier": {
          "sigma_w": 1.0,
          "mean_train_loss": 0.030859861685259494,
          "std_train_loss": 0.0023940945241003515,
          "mean_test_loss": 0.031677564194376416,
          "std_test_loss": 0.002679834090426368,
          "convergence_rate": 1.0,
          "n_valid": 5
        },
        "lecun": {
          "sigma_w": 1.0,
          "mean_train_loss": 0.030859861685259494,
          "std_train_loss": 0.0023940945241003515,
          "mean_test_loss": 0.031677564194376416,
          "std_test_loss": 0.002679834090426368,
          "convergence_rate": 1.0,
          "n_valid": 5
        }
      },
      "best_init": "critical"
    },
    "d5_w256": {
      "depth": 5,
      "width": 256,
      "init_results": {
        "critical": {
          "sigma_w": 1.414213562373095,
          "mean_train_loss": 0.01085824699728476,
          "std_train_loss": 0.0009612099145957522,
          "mean_test_loss": 0.019390618656356263,
          "std_test_loss": 0.0019398533483935107,
          "convergence_rate": 1.0,
          "n_valid": 5
        },
        "he": {
          "sigma_w": 1.4142135623730951,
          "mean_train_loss": 0.010858246997284762,
          "std_train_loss": 0.0009612099145957522,
          "mean_test_loss": 0.01939061865635627,
          "std_test_loss": 0.0019398533483935088,
          "convergence_rate": 1.0,
          "n_valid": 5
        },
        "xavier": {
          "sigma_w": 1.0,
          "mean_train_loss": 0.02537220091347169,
          "std_train_loss": 0.002884607747141214,
          "mean_test_loss": 0.02749881974640072,
          "std_test_loss": 0.002909736858985916,
          "convergence_rate": 1.0,
          "n_valid": 5
        },
        "lecun": {
          "sigma_w": 1.0,
          "mean_train_loss": 0.02537220091347169,
          "std_train_loss": 0.002884607747141214,
          "mean_test_loss": 0.02749881974640072,
          "std_test_loss": 0.002909736858985916,
          "convergence_rate": 1.0,
          "n_valid": 5
        }
      },
      "best_init": "critical"
    },
    "d10_w128": {
      "depth": 10,
      "width": 128,
      "init_results": {
        "critical": {
          "sigma_w": 1.414213562373095,
          "mean_train_loss": 0.014286832111141321,
          "std_train_loss": 0.0035010677259972194,
          "mean_test_loss": 0.02700230897554501,
          "std_test_loss": 0.006391543342053173,
          "convergence_rate": 1.0,
          "n_valid": 5
        },
        "he": {
          "sigma_w": 1.4142135623730951,
          "mean_train_loss": 0.014286832111141307,
          "std_train_loss": 0.0035010677259972173,
          "mean_test_loss": 0.02700230897554501,
          "std_test_loss": 0.006391543342053164,
          "convergence_rate": 1.0,
          "n_valid": 5
        },
        "xavier": {
          "sigma_w": 1.0,
          "mean_train_loss": 0.04724987188258402,
          "std_train_loss": 0.002717306234266606,
          "mean_test_loss": 0.047236756317445325,
          "std_test_loss": 0.0037354957447558825,
          "convergence_rate": 1.0,
          "n_valid": 5
        },
        "lecun": {
          "sigma_w": 1.0,
          "mean_train_loss": 0.04724987188258402,
          "std_train_loss": 0.002717306234266606,
          "mean_test_loss": 0.047236756317445325,
          "std_test_loss": 0.0037354957447558825,
          "convergence_rate": 1.0,
          "n_valid": 5
        }
      },
      "best_init": "critical"
    },
    "d10_w256": {
      "depth": 10,
      "width": 256,
      "init_results": {
        "critical": {
          "sigma_w": 1.414213562373095,
          "mean_train_loss": 0.006298011856844759,
          "std_train_loss": 0.0004635070583554695,
          "mean_test_loss": 0.022130840237480024,
          "std_test_loss": 0.002086123082126727,
          "convergence_rate": 1.0,
          "n_valid": 5
        },
        "he": {
          "sigma_w": 1.4142135623730951,
          "mean_train_loss": 0.006298011856844749,
          "std_train_loss": 0.00046350705835546753,
          "mean_test_loss": 0.022130840237480034,
          "std_test_loss": 0.0020861230821267313,
          "convergence_rate": 1.0,
          "n_valid": 5
        },
        "xavier": {
          "sigma_w": 1.0,
          "mean_train_loss": 0.04505052154071463,
          "std_train_loss": 0.0025939684777646415,
          "mean_test_loss": 0.04529593672891387,
          "std_test_loss": 0.004547767994677245,
          "convergence_rate": 1.0,
          "n_valid": 5
        },
        "lecun": {
          "sigma_w": 1.0,
          "mean_train_loss": 0.04505052154071463,
          "std_train_loss": 0.0025939684777646415,
          "mean_test_loss": 0.04529593672891387,
          "std_test_loss": 0.004547767994677245,
          "convergence_rate": 1.0,
          "n_valid": 5
        }
      },
      "best_init": "critical"
    }
  }
}