{
  "experiment": "ntk_v3",
  "results": {
    "widths": [
      32,
      64,
      128,
      256,
      512,
      1024
    ],
    "mean_drift": [
      1.4765124836134453,
      1.405736695750797,
      2.275487282386333,
      2.252415969919932,
      2.00806736460187,
      2.420973397985738
    ],
    "std_drift": [
      0.6863075876371132,
      0.6227158452589515,
      1.7377862288659345,
      2.6824663556330104,
      1.0742380806728948,
      2.687484244610632
    ],
    "convergence_exponent": -0.14559171288113,
    "convergence_exponent_ci_95": [
      -0.296253205738042,
      0.04398891684144053
    ],
    "r_squared": 0.645442215241248,
    "n_seeds": 10
  }
}