{
  "experiment": "ntk_convergence",
  "config": {
    "input_dim": 5,
    "n_samples": 15,
    "depth": 2,
    "sigma_w": 1.4142135623730951,
    "n_seeds": 5,
    "has_analytical": true
  },
  "results": {
    "width_16": {
      "width": 16,
      "mean_error": 0.5510532814805017,
      "std_error": 0.12125472729879488,
      "errors": [
        0.4103977811485842,
        0.4358211674610269,
        0.55392598701539,
        0.7425015170193507,
        0.6126199547581564
      ]
    },
    "width_32": {
      "width": 32,
      "mean_error": 0.5379862520850521,
      "std_error": 0.12849905898857913,
      "errors": [
        0.38467151686738504,
        0.6324358706917858,
        0.5349169097326788,
        0.7242057647204744,
        0.4137011984129366
      ]
    },
    "width_64": {
      "width": 64,
      "mean_error": 0.4066605517995727,
      "std_error": 0.03393441850860808,
      "errors": [
        0.3566937505120622,
        0.4231618288536125,
        0.3907027177462902,
        0.4038698330254532,
        0.45887462886044533
      ]
    },
    "width_128": {
      "width": 128,
      "mean_error": 0.3141870149606195,
      "std_error": 0.044163784722090295,
      "errors": [
        0.3340488175313473,
        0.38667832701263016,
        0.2647612638083866,
        0.273508316489904,
        0.31193834996082953
      ]
    },
    "width_256": {
      "width": 256,
      "mean_error": 0.2762878756426243,
      "std_error": 0.07113562899254255,
      "errors": [
        0.23016352748917315,
        0.37743488801474934,
        0.19035690342390962,
        0.3421474917388775,
        0.24133656754641206
      ]
    },
    "width_512": {
      "width": 512,
      "mean_error": 0.21000519588230446,
      "std_error": 0.022928202855196745,
      "errors": [
        0.17161117500229217,
        0.21747887279419717,
        0.23596650707415767,
        0.19812730889989744,
        0.22684211564097784
      ]
    }
  },
  "convergence_rate": -0.2918636181232518,
  "r2": 0.9724282482346218,
  "timestamp": "2026-02-23 12:18:25"
}