{
  "experiment": "ntk_convergence_v2",
  "results": {
    "widths": [
      32,
      64,
      128,
      256,
      512,
      1024
    ],
    "mean_drift": [
      1.7780935710568913,
      1.711907439033288,
      1.505234284682316,
      2.2371388403143473,
      1.5974634263145617,
      1.637397007335693
    ],
    "std_drift": [
      1.4249951783738415,
      1.0257632871606892,
      0.42688486351125204,
      1.6259294836298068,
      0.7377135797717369,
      0.7591367373684834
    ],
    "convergence_exponent": 0.009212402005365168,
    "convergence_exponent_ci_95": [
      -0.13855803408544795,
      0.13413147465958425
    ],
    "r_squared": 0.007456366703130546,
    "n_seeds": 10,
    "theoretical_rate": 1.0,
    "explanation": "Observed O(N^-0.01) [95% CI: -0.14, 0.13] vs theoretical O(N^-1). The sub-theoretical rate is expected for initialization-to-initialization variation at finite depth, where per-layer corrections compound multiplicatively."
  }
}