{
  "scenario": {
    "depth": 10,
    "width": 128,
    "activation": "gelu",
    "input_dim": 20,
    "n_train": 500,
    "description": "15-layer deep narrow GELU MLP on nonlinear regression"
  },
  "step1_xavier": {
    "diagnosis": {
      "architecture": {
        "depth": 10,
        "width": 128,
        "activation": "gelu",
        "sigma_w": 1.0000000000000002
      },
      "mean_field_analysis": {
        "fixed_point_variance": 3.2350000516003378e-09,
        "chi_1": 0.2500000020594648,
        "depth_scale": 0.721347524730988,
        "phase": "ordered",
        "max_trainable_depth": 3,
        "lyapunov_exponent": -1.3862943528820313
      },
      "diagnosis": "PROBLEM: Network is in the ORDERED phase (\u03c7\u2081=0.2500 < 1). Gradients vanish exponentially with depth scale \u03be=0.7. At depth 10, gradients are attenuated by factor \u03c7\u2081^10=9.54e-07. Training will stall.",
      "severity": "critical"
    },
    "gradient_diagnosis": {
      "vanishing": false,
      "diagnosis": "Healthy gradient flow",
      "grad_norms": [
        0.006950704249936749,
        0.009566664700787859,
        0.009291247687296852,
        0.00815001423188981,
        0.009057968648718112,
        0.008722626761590042,
        0.008475691726151214,
        0.007770701695908403,
        0.008804023062637835,
        0.005034943779768123
      ]
    },
    "training": {
      "init_loss": 0.9999055674391238,
      "final_loss": 0.9996024025436263,
      "test_loss": 1.2328759334240789,
      "converged": false,
      "exploded": false,
      "loss_ratio": 0.9996968064731613
    },
    "loss_curve": [
      0.9999055674391238,
      0.9998994597792414,
      0.9998933574103057,
      0.9998872598779021,
      0.9998811667569829,
      0.9998750776498847,
      0.9998689921844809,
      0.9998629100124561,
      0.9998568308076987,
      0.9998507542648029,
      0.9998446800976692,
      0.9998386080382016,
      0.9998325378350914,
      0.9998264692526837,
      0.9998204020699203,
      0.9998143360793533,
      0.9998082710862267,
      0.9998022069076178,
      0.9997961433716387,
      0.9997900803166904,
      0.9997840175907675,
      0.9997779550508101,
      0.9997718925620988,
      0.9997658299976909,
      0.9997597672378953,
      0.9997537041697815,
      0.9997476406867223,
      0.9997415766879679,
      0.9997355120782477,
      0.9997294467674006,
      0.9997233806700274,
      0.9997173137051698,
      0.9997112457960092,
      0.9997051768695863,
      0.9996991068565388,
      0.9996930356908594,
      0.9996869633096662,
      0.9996808896529917,
      0.999674814663585,
      0.9996687382867271,
      0.9996626604700587,
      0.9996565811634204,
      0.9996505003187017,
      0.9996444178897032,
      0.9996383338320057,
      0.9996322481028481,
      0.9996261606610153,
      0.9996200714667322,
      0.9996139804815648,
      0.9996078876683294
    ]
  },
  "step2_kaiming": {
    "diagnosis": {
      "architecture": {
        "depth": 10,
        "width": 128,
        "activation": "gelu",
        "sigma_w": 1.0
      },
      "mean_field_analysis": {
        "fixed_point_variance": 3.235000051600316e-09,
        "chi_1": 0.2500000020594647,
        "depth_scale": 0.7213475247309877,
        "phase": "ordered",
        "max_trainable_depth": 3,
        "lyapunov_exponent": -1.3862943528820317
      },
      "diagnosis": "PROBLEM: Network is in the ORDERED phase (\u03c7\u2081=0.2500 < 1). Gradients vanish exponentially with depth scale \u03be=0.7. At depth 10, gradients are attenuated by factor \u03c7\u2081^10=9.54e-07. Training will stall.",
      "severity": "critical"
    },
    "gradient_diagnosis": {
      "vanishing": false,
      "diagnosis": "Healthy gradient flow",
      "grad_norms": [
        0.007369997171686341,
        0.018595755043298277,
        0.017696780680162626,
        0.015103019010426131,
        0.015648316514578743,
        0.015024272953597354,
        0.01421899179698017,
        0.012947567360205098,
        0.014963423436720873,
        0.012606858863179814
      ]
    },
    "training": {
      "init_loss": 1.0000705696376695,
      "final_loss": 0.9993664834893539,
      "test_loss": 1.2319743976008954,
      "converged": false,
      "exploded": false,
      "loss_ratio": 0.9992959635352826
    },
    "loss_curve": [
      1.0000705696376695,
      1.0000560237027385,
      1.0000415229370883,
      1.0000270645138682,
      1.0000126457518266,
      0.9999982641074738,
      0.9999839171676661,
      0.9999696026425877,
      0.9999553183591108,
      0.9999410622545117,
      0.9999268323705257,
      0.9999126268477201,
      0.9998984439201705,
      0.9998842819104239,
      0.9998701392247308,
      0.9998560143485344,
      0.9998419058422024,
      0.9998278123369876,
      0.9998137325312054,
      0.9997996651866179,
      0.9997856091250099,
      0.9997715632249518,
      0.9997575264187333,
      0.9997434976894642,
      0.9997294760683295,
      0.9997154606319929,
      0.9997014505001381,
      0.9996874448331443,
      0.9996734428298851,
      0.9996594437256452,
      0.9996454467901495,
      0.9996314513256995,
      0.9996174566654065,
      0.9996034621715219,
      0.9995894672338568,
      0.9995754712682863,
      0.9995614737153321,
      0.9995474740388254,
      0.9995334717246367,
      0.9995194662794773,
      0.9995054572297631,
      0.9994914441205399,
      0.9994774265144658,
      0.9994634039908499,
      0.9994493761447393,
      0.9994353425860584,
      0.999421302938792,
      0.9994072568402133,
      0.999393203940152,
      0.9993791439003026
    ]
  },
  "step3_phasekit": {
    "diagnosis": {
      "architecture": {
        "depth": 10,
        "width": 128,
        "activation": "gelu",
        "sigma_w": 1.4156577848996488
      },
      "mean_field_analysis": {
        "fixed_point_variance": 8.525723658610783e-09,
        "chi_1": 0.5010217518642154,
        "depth_scale": 1.4469565369929784,
        "phase": "ordered",
        "max_trainable_depth": 7,
        "lyapunov_exponent": -0.6911057619451169
      },
      "diagnosis": "PROBLEM: Network is in the ORDERED phase (\u03c7\u2081=0.5010 < 1). Gradients vanish exponentially with depth scale \u03be=1.4. At depth 10, gradients are attenuated by factor \u03c7\u2081^10=9.97e-04. Training will stall.",
      "severity": "critical"
    },
    "recommended_sigma_w": 1.4156577848996488,
    "gradient_diagnosis": {
      "vanishing": false,
      "diagnosis": "Healthy gradient flow",
      "grad_norms": [
        1.4204529092313247,
        3.8838602275919762,
        4.94397518533909,
        4.878036613055923,
        4.95740594356783,
        5.1052006129519025,
        5.968077576148297,
        6.758708189626558,
        7.278931514926113,
        7.114568591162502
      ]
    },
    "training": {
      "init_loss": 1.3557210835608469,
      "final_loss": 0.17602464320735564,
      "test_loss": 0.8733253877859147,
      "converged": false,
      "exploded": false,
      "loss_ratio": 0.1298383903162596
    },