{
  "experiment": "variance_v3",
  "results": {
    "relu": {
      "width_32": {
        "width": 32,
        "activation": "relu",
        "mf_variance": [
          1.0,
          0.9112500000000001,
          0.8303765625000002,
          0.7566806425781253,
          0.6895252355493168,
          0.628329870894315
        ],
        "corrected_variance": [
          1.0,
          0.9245941067590715,
          0.8542858233087024,
          0.7888149982280349,
          0.7279214369274633,
          0.6713476261444792
        ],
        "empirical_mean": [
          1.0012940347580515,
          0.9171735267919914,
          0.8434571241508182,
          0.8079699059056337,
          0.7373175624361877,
          0.676323849126445
        ],
        "empirical_std": [
          0.01257278195410682,
          0.04510640899538919,
          0.16721751109078722,
          0.2739873937809933,
          0.34325048486634946,
          0.5032347055072947
        ],
        "mf_relative_error": 0.03708674494037401,
        "corrected_relative_error": 0.011005067055142053,
        "improvement_factor": 3.3699699197239736
      },
      "width_64": {
        "width": 64,
        "activation": "relu",
        "mf_variance": [
          1.0,
          0.9112500000000001,
          0.8303765625000002,
          0.7566806425781253,
          0.6895252355493168,
          0.628329870894315
        ],
        "corrected_variance": [
          1.0,
          0.9178296851370336,
          0.8421319971839148,
          0.7724371485901765,
          0.7083034089313429,
          0.6493164214179579
        ],
        "empirical_mean": [
          1.0012940347580515,
          0.9159888674565695,
          0.8519400481312847,
          0.7852689302277376,
          0.745867656786315,
          0.6539086607815041
        ],
        "empirical_std": [
          0.01257278195410682,
          0.03340954877603652,
          0.12458094404005969,
          0.1799741149804864,
          0.20962862818371145,
          0.21875182272056887
        ],
        "mf_relative_error": 0.030473137338535974,
        "corrected_relative_error": 0.014756858077757404,
        "improvement_factor": 2.0650152747939803
      },
      "width_128": {
        "width": 128,
        "activation": "relu",
        "mf_variance": [
          1.0,
          0.9112500000000001,
          0.8303765625000002,
          0.7566806425781253,
          0.6895252355493168,
          0.628329870894315
        ],
        "corrected_variance": [
          1.0,
          0.9145167505078913,
          0.8362053447823597,
          0.7644834873654196,
          0.698813287810141,
          0.638698319743308
        ],
        "empirical_mean": [
          1.0012940347580515,
          0.915877596590224,
          0.8378977025404082,
          0.7797777250232176,
          0.6899126855928879,
          0.6357650556382191
        ],
        "empirical_std": [
          0.01257278195410682,
          0.02501243899067761,
          0.07371249246650358,
          0.12500607159634697,
          0.1515210244734372,
          0.17484621303310577
        ],
        "mf_relative_error": 0.009532957026613975,
        "corrected_relative_error": 0.006987727408660577,
        "improvement_factor": 1.364242831624892
      },
      "width_256": {
        "width": 256,
        "activation": "relu",
        "mf_variance": [
          1.0,
          0.9112500000000001,
          0.8303765625000002,
          0.7566806425781253,
          0.6895252355493168,
          0.628329870894315
        ],
        "corrected_variance": [
          1.0,
          0.9128776022387893,
          0.8332788248140083,
          0.7605634848240993,
          0.6941444741636932,
          0.6334835707055678
        ],
        "empirical_mean": [
          1.0012940347580515,
          0.912262337709023,
          4.7260650677806995,
          155.74325156821013,
          374699.73413018,
          17510297326317.877
        ],
        "empirical_std": [
          0.01257278195410682,
          0.017110978464164147,
          0.28471861684702027,
          20.0464256674946,
          314623.07221380784,
          37851450453866.516
        ],
        "mf_relative_error": 0.6369733738085056,
        "corrected_relative_error": 0.6367943234060424,
        "improvement_factor": 1.0002811746208815
      },
      "width_512": {
        "width": 512,
        "activation": "relu",
        "mf_variance": [
          1.0,
          0.9112500000000001,
          0.8303765625000002,
          0.7566806425781253,
          0.6895252355493168,
          0.628329870894315
        ],
        "corrected_variance": [
          1.0,
          0.9120623578656056,
          0.8318246743805864,
          0.7586174520157513,
          0.6918287155328574,
          0.6308991726847305
        ],
        "empirical_mean": [
          1.0012940347580515,
          0.9114032215411771,
          4.684757686536843,
          147.83230787650504,
          260230.44131222382,
          5730154645995.167
        ],
        "empirical_std": [
          0.01257278195410682,
          0.015148687887626673,
          0.2193948289626059,
          15.080630944491968,
          83066.0373248569,
          10751548104439.553
        ],
        "mf_relative_error": 0.6365147709658656,
        "corrected_relative_error": 0.6365535830884154,
        "improvement_factor": 0.9999390277211835
      }
    }
  }
}