{
  "Oracle (full)": {
    "spearman_rho": 0.3551,
    "spearman_p": 0.0002886632700114963,
    "kendall_tau": 0.245,
    "kendall_p": 0.00032238742040864354,
    "wall_clock_sec": 0.7
  },
  "KLM-GOMS additive": {
    "spearman_rho": 0.1651,
    "spearman_p": 0.10064681185075765,
    "kendall_tau": 0.1147,
    "kendall_p": 0.112224006540071,
    "wall_clock_sec": 0.0
  },
  "Static complexity": {
    "spearman_rho": 0.0487,
    "spearman_p": 0.630236339235356,
    "kendall_tau": 0.0373,
    "kendall_p": 0.6181679069193822,
    "wall_clock_sec": 0.0
  },
  "Random baseline": {
    "spearman_rho": 0.0543,
    "spearman_p": 0.5916101090382602,
    "kendall_tau": 0.0327,
    "kendall_p": 0.6294828153137613,
    "wall_clock_sec": 0.0
  }
}