{
  "total_benchmarks": 20,
  "integrator_performance": {
    "euler": {
      "count": 12,
      "avg_drift": 0.009662216301512835,
      "avg_time": 0.08069904645284016,
      "conservation_violations": 12
    },
    "rk4": {
      "count": 8,
      "avg_drift": 4.3771932189962115e-09,
      "avg_time": 0.24539843201637268,
      "conservation_violations": 0
    }
  },
  "overall_stats": {
    "avg_energy_drift": 0.005797331531784989,
    "violations_detected": 12,
    "symplectic_integrators_successful": 20
  }
}