log10_kappa,oracle_agreement_rate,fiedler_angular_error_deg
0.0,0.9100,8.495601e+01
1.0,1.0000,6.037091e-07
2.0,1.0000,0.000000e+00
3.0,1.0000,0.000000e+00
4.0,1.0000,0.000000e+00
5.0,1.0000,0.000000e+00
6.0,1.0000,4.268868e-07
7.0,1.0000,4.268868e-07
8.0,1.0000,0.000000e+00
9.0,1.0000,5.789206e-06
10.0,1.0000,4.994576e-05
11.0,1.0000,3.184655e-04
12.0,1.0000,2.803794e-03
13.0,1.0000,3.634346e-02
14.0,1.0000,2.204511e-01
15.0,1.0000,1.334481e+00
