{
  "adversarial": {
    "strategies": 39,
    "coverage": 1.0,
    "evasion_rate": 0.195
  },
  "calibration": {
    "score": 0.0026910943590765482,
    "rank_corr": 0.2754612325131481
  },
  "tcb": {
    "verified_fraction": 0.5555555555555556,
    "verified": 5,
    "total": 9
  },
  "hmm": {
    "manip_fraction": 0.0,
    "max_posterior": 0.4999999987510019
  },
  "multi_prior": {
    "min_bf": 0.07911455272319,
    "variation": 0.07251582407542487
  },
  "misspec": {
    "1": 0.06363961030678927,
    "2": 0.12727922061357855,
    "3": 0.19091883092036785,
    "4": 0.2545584412271571,
    "5": 0.31819805153394637
  },
  "encoding_spec": {
    "variables": 3,
    "constraints": 5
  }
}