{
  "completed": true,
  "num_scenarios": 9,
  "results": {
    "sarao_2010": {
      "scenario": "sarao_2010",
      "num_runs": 3,
      "detection": {
        "tp": 3,
        "fp": 0,
        "tn": 3,
        "fn": 0,
        "precision": 1.0,
        "recall": 1.0,
        "f1": 1.0,
        "fpr": 0.0
      },
      "baselines": {
        "threshold": {
          "tp": 3,
          "fp": 3,
          "tn": 0,
          "fn": 0,
          "precision": 0.5,
          "recall": 1.0,
          "f1": 0.6666666666666666,
          "fpr": 1.0
        },
        "zscore": {
          "tp": 3,
          "fp": 3,
          "tn": 0,
          "fn": 0,
          "precision": 0.5,
          "recall": 1.0,
          "f1": 0.6666666666666666,
          "fpr": 1.0
        },
        "vmee_improvement_over_threshold_f1": 0.33333333333333337,
        "vmee_improvement_over_zscore_f1": 0.33333333333333337
      },
      "evidence_strength": {
        "mean_bayes_factor": 0.011647370215978043,
        "median_bayes_factor": 0.0103788337602738,
        "mean_posterior": 0.011466369617917702,
        "proof_success_rate": 0.9736842105263158,
        "translation_validation_rate": 0.9736842105263158
      },
      "causal_stats": {
        "mean_shd": 4.555555555555556,
        "mean_edge_stability": 0.6174242424242424,
        "corrections_applied": 3
      },
      "mean_pipeline_time_seconds": 62.5648672580719
    },
    "coscia_2015": {
      "scenario": "coscia_2015",
      "num_runs": 3,
      "detection": {
        "tp": 3,
        "fp": 0,
        "tn": 3,
        "fn": 0,
        "precision": 1.0,
        "recall": 1.0,
        "f1": 1.0,
        "fpr": 0.0
      },
      "baselines": {
        "threshold": {
          "tp": 3,
          "fp": 3,
          "tn": 0,
          "fn": 0,
          "precision": 0.5,
          "recall": 1.0,
          "f1": 0.6666666666666666,
          "fpr": 1.0
        },
        "zscore": {
          "tp": 3,
          "fp": 3,
          "tn": 0,
          "fn": 0,
          "precision": 0.5,
          "recall": 1.0,
          "f1": 0.6666666666666666,
          "fpr": 1.0
        },
        "vmee_improvement_over_threshold_f1": 0.33333333333333337,
        "vmee_improvement_over_zscore_f1": 0.33333333333333337
      },
      "evidence_strength": {
        "mean_bayes_factor": 0.07424571058157227,
        "median_bayes_factor": 0.06800148234559333,
        "mean_posterior": 0.06684896783887068,
        "proof_success_rate": 0.985981308411215,
        "translation_validation_rate": 0.985981308411215
      },
      "causal_stats": {
        "mean_shd": 2.5555555555555554,
        "mean_edge_stability": 0.8425925925925926,
        "corrections_applied": 3
      },
      "mean_pipeline_time_seconds": 51.111651261647545
    },
    "combined": {
      "scenario": "combined",
      "num_runs": 3,
      "detection": {
        "tp": 3,
        "fp": 0,
        "tn": 3,
        "fn": 0,
        "precision": 1.0,
        "recall": 1.0,
        "f1": 1.0,
        "fpr": 0.0
      },
      "baselines": {
        "threshold": {
          "tp": 3,
          "fp": 3,
          "tn": 0,
          "fn": 0,
          "precision": 0.5,
          "recall": 1.0,
          "f1": 0.6666666666666666,
          "fpr": 1.0
        },
        "zscore": {
          "tp": 3,
          "fp": 3,
          "tn": 0,
          "fn": 0,
          "precision": 0.5,
          "recall": 1.0,
          "f1": 0.6666666666666666,
          "fpr": 1.0
        },
        "vmee_improvement_over_threshold_f1": 0.33333333333333337,
        "vmee_improvement_over_zscore_f1": 0.33333333333333337
      },
      "evidence_strength": {
        "mean_bayes_factor": 0.06093949975812738,
        "median_bayes_factor": 0.0256043420752899,
        "mean_posterior": 0.05535904144165863,
        "proof_success_rate": 0.9869565217391304,
        "translation_validation_rate": 0.9869565217391304
      },
      "causal_stats": {
        "mean_shd": 4.888888888888888,
        "mean_edge_stability": 0.48333333333333334,
        "corrections_applied": 3
      },
      "mean_pipeline_time_seconds": 58.908289988835655
    }
  },
  "aggregate": {
    "mean_f1": 1.0,
    "mean_precision": 1.0,
    "mean_recall": 1.0,
    "mean_proof_success_rate": 0.9822073468922204,
    "num_scenarios": 3,
    "baseline_comparison": {
      "mean_threshold_f1": 0.6666666666666666,
      "mean_zscore_f1": 0.6666666666666666,
      "mean_vmee_improvement_over_threshold": 0.3333333333333333,
      "mean_vmee_improvement_over_zscore": 0.3333333333333333
    }
  },
  "total_time_seconds": 521.2209029197693
}