{
  "lp_chain-3": {
    "lower": 0.0,
    "upper": 1.0
  },
  "lp_chain-4": {
    "lower": 0.0,
    "upper": 1.0
  },
  "lp_fork-3": {
    "lower": 0.0,
    "upper": 1.0
  },
  "lp_collider-3": {
    "lower": 0.16356537949311406,
    "upper": 0.16356537949311406
  },
  "lp_diamond-4": {
    "lower": 0.0,
    "upper": 1.0
  },
  "proof_verification_rate": 1.0,
  "proof_avg_time": 0.06464875459671021,
  "proof_per_obligation": {
    "lemma1_restriction_soundness": 1.0,
    "lemma2_local_containment": 1.0,
    "lemma3_separator_decomposition": 1.0,
    "lemma4_lipschitz_error": 1.0,
    "lemma5_monotone_fixed_point": 1.0,
    "main_theorem_global_validity": 1.0
  },
  "extra_proofs": {
    "interval_arithmetic": true,
    "disc_comp_coupling": true,
    "parametric": true
  },
  "discretization": {
    "all_bounds_valid": true,
    "rate": "O(n^{-0.99})",
    "data": [
      [
        4,
        0.14931810239465806,
        0.337919788482863
      ],
      [
        8,
        0.07486415671351593,
        0.1689598942414315
      ],
      [
        16,
        0.038396594611356215,
        0.08447994712071576
      ],
      [
        32,
        0.019175877632299484,
        0.04223997356035788
      ],
      [
        64,
        0.009600593037320592,
        0.02111998678017894
      ],
      [
        128,
        0.004799711895819354,
        0.01055999339008947
      ],
      [
        256,
        0.002400020565441954,
        0.005279996695044735
      ]
    ]
  },
  "smt_disc": {
    "verified": true,
    "gap": 4.95
  },
  "sens_3": {
    "mec": 4,
    "score": 0.12360576519284552
  },
  "sens_4": {
    "mec": 8,
    "score": 0.08733818775040801
  },
  "sens_5": {
    "mec": 16,
    "score": 0.13919830476023867
  },
  "debtrank": 0.040871583882870724,
  "pipeline": {
    "lower": 0.200419554059517,
    "upper": 0.8874255077176748,
    "gap": 0.6870059536581579
  }
}