{
  "mean_ms": 128.32537724953,
  "stdev_ms": 13.055975886887529,
  "min_ms": 113.66754099799437,
  "max_ms": 163.44062499774736,
  "n_runs": 20,
  "n_patterns": 57,
  "n_archs": 10,
  "n_pairs": 570
}