{
  "total_tests": 33,
  "passed_tests": 28,
  "failed_tests": 5,
  "pass_rate": 0.8484848484848485,
  "total_time_seconds": 495.5543260574341,
  "results": {
    "1. Renormalization Group": {
      "rg_fixed_point": {
        "status": "PASS",
        "time": 17.657334804534912,
        "details": {
          "chi_1": 0.9897999999935839,
          "q_star": 0.18023375658350926,
          "phase": "critical",
          "n_couplings": 20,
          "universality_class": "mean_field"
        }
      },
      "rg_block_spin": {
        "status": "PASS",
        "time": 0.0006909370422363281,
        "details": {
          "n_steps": 5,
          "fixed_point": {
            "fixed_point_value": 0.01377482468411061,
            "scaling_ratio": 1.0063222205807323,
            "key": "weight_variance",
            "converged": false
          }
        }
      },
      "rg_wilson": {
        "status": "PASS",
        "time": 0.0013949871063232422,
        "details": {
          "info": {
            "n_modes_total": 64,
            "n_modes_kept": 32,
            "n_modes_integrated": 32,
            "fast_mode_energy": 7.363239885165615,
            "slow_mode_energy": 59.72781240803639,
            "renorm_factor": 1.0017976659875876,
            "effective_sigma_w": 1.000898429406095
          },
          "beta": {
            "beta_variance": -0.0025557484011931625,
            "beta_spectral": 0.0025821698324450873,
            "is_relevant": false,
            "flow_direction": "shrinking"
          }
        }
      },
      "rg_parameter_scan": {
        "status": "PASS",
        "time": 0.09073996543884277,
        "details": {
          "phases": [
            "ordered",
            "ordered",
            "ordered",
            "ordered",
            "critical",
            "chaotic",
            "chaotic",
            "chaotic",
            "chaotic",
            "chaotic"
          ],
          "chi_values": [
            0.12424999999890701,
            0.26309753086210014,
            0.44741481480786477,
            0.6756555555398935,
            0.9993356004969194
          ]
        }
      }
    },
    "2. Random Matrix Theory": {
      "rmt_mp_law": {
        "status": "FAIL",
        "time": 0.05947685241699219,
        "error": "KS statistic 1.0 too large"
      },
      "rmt_spiked_model": {
        "status": "PASS",
        "time": 0.003930091857910156,
        "details": {
          "n_spikes": 2,
          "bbp_threshold": 0.7071067811865476
        }
      },
      "rmt_tracy_widom": {
        "status": "PASS",
        "time": 0.00047087669372558594,
        "details": {
          "density_integral": 1.0,
          "cdf_range": [
            2.7336648115975175e-07,
            0.9999976901290047
          ]
        }
      },
      "rmt_stieltjes": {
        "status": "FAIL",
        "time": 0.011245012283325195,
        "error": "Density integral too small"
      }
    },
    "3. Statistical Mechanics": {
      "statmech_free_energy": {
        "status": "PASS",
        "time": 2.101707935333252,
        "details": {
          "free_energy": -1094.6200931663584,
          "entropy": 13.382299335422282,
          "energy": 2.5151436489068146e-11,
          "phase": "ordered",
          "magnetization": 0.7746808842973485
        }
      },
      "statmech_replica": {
        "status": "PASS",
        "time": 0.046286821365356445,
        "details": {
          "q_star": 1.7641623203457891e-31,
          "qhat_star": -2.2222222222249384,
          "free_energy": 3.0910424533498158,
          "overlap": 1.7641623203457891e-31,
          "generalization_error": 1.0,
          "alpha": 2.0
        }
      },
      "statmech_cavity": {
        "status": "PASS",
        "time": 0.017296314239501953,
        "details": {
          "accuracy": 1.0,
          "converged": false
        }
      },
      "statmech_boltzmann": {
        "status": "PASS",
        "time": 0.004907131195068359,
        "details": {
          "upper": 10.660495204467988,
          "lower": 10.39720770839918,
          "gap": 0.2632874960688092
        }
      }
    },
    "4. Information Theory": {
      "info_dpi": {
        "status": "PASS",
        "time": 0.37833118438720703,
        "details": {
          "I_XY": 0.0,
          "I_fXY": 0.0,
          "satisfied": true,
          "info_loss": 0.0
        }
      },
      "info_mi_estimation": {
        "status": "PASS",
        "time": 0.0540311336517334,
        "details": {
          "mi_binning": 0.0,
          "mi_knn": 0.6157742644006128,
          "relative_difference": 0.9999999999983761
        }
      },
      "info_bottleneck": {
        "status": "PASS",
        "time": 0.016363143920898438,
        "details": {
          "I_XY": 0.0,
          "I_XT": 20.693976694491695,
          "I_TY": 0.0,
          "curve_length": 20
        }
      },
      "info_mdl": {
        "status": "PASS",
        "time": 7.390975952148438e-05,
        "details": {
          "model_code_length": 17967.226258835995,
          "data_code_length": 756.8484622510416,
          "total_mdl": 18724.074721087036,
          "model_fraction": 0.9595788591145346,
          "normalized_mdl": 37.44814944217407
        }
      }
    },
    "5. Activation Functions": {
      "activation_relu_eoc": {
        "status": "FAIL",
        "time": 26.207435846328735,
        "error": "ReLU chi_1=0.24972999999014134 not ~1.0 at sqrt(2)"
      },
      "activation_compare_six": {
        "status": "PASS",
        "time": 92.52540588378906,
        "details": {
          "relu": {
            "chi_1": 0.49527864414258266,
            "phase": "ordered",
            "depth_scale": 1.4243697902079808,
            "score": 0.5933148680087232
          },
          "tanh": {
            "chi_1": 0.9923256009973588,
            "phase": "critical",
            "depth_scale": 231.81621780793222,
            "score": 40.495398741828296
          },
          "gelu": {
            "chi_1": 0.25096536061751923,
            "phase": "ordered",
            "depth_scale": 0.7234124024745292,
            "score": 0.7189324379074248
          },
          "silu": {
            "chi_1": 0.25018949262294476,
            "phase": "ordered",
            "depth_scale": 0.7216117836019706,
            "score": 1.2047448400418566
          },
          "elu": {
            "chi_1": 0.9748249214700866,
            "phase": "critical",
            "depth_scale": 32.72129843109085,
            "score": 9.357655966328585
          },
          "selu": {
            "chi_1": 1.0805223824934211,
            "phase": "chaotic",
            "depth_scale": Infinity,
            "score": 4.072170028361054
          }
        }
      },
      "activation_optimal_init": {
        "status": "PASS",
        "time": 28.72988200187683,
        "details": {
          "optimal_sigma_w": 1.418575354741334,
          "optimal_sigma_b": 0.0,
          "he_init_sigma_w": 1.4142135623730951,
          "lecun_init_sigma_w": 1.0,
          "recommended": "he"
        }
      },
      "activation_design": {
        "status": "PASS",
        "time": 282.14155077934265,
        "details": {
          "alpha": 1.0000020338839841,
          "beta": 0.30000172841932926,
          "gamma": 2.000003054563222,
          "achieved_chi": 1.0191623160808028,
          "q_star": 0.25954531724666896,
          "optimization_success": true
        }
      }
    },
    "6. Architecture Space": {
      "arch_sample_100": {
        "status": "PASS",
        "time": 0.8088381290435791,
        "details": {
          "n_sampled": 100,
          "all_valid": true,
          "param_range": [
            13578,
            3037706
          ]
        }
      },
      "arch_mutation_crossover": {
        "status": "PASS",
        "time": 0.0001289844512939453,
        "details": {
          "parent1_depth": 5,
          "mutated_depth": 6
        }
      },
      "arch_search": {
        "status": "PASS",