{
  "relu": {
    "scaling": {
      "widths": [
        32,
        64,
        128,
        256,
        512,
        1024
      ],
      "crossover_widths": [
        0.25000000002063777,
        0.17677669531122997,
        0.12500000001031888,
        0.08838834765561498,
        0.06250000000515944,
        0.04419417382780749
      ],
      "boundary_stds": [
        0.12500000001031888,
        0.08838834765561498,
        0.06250000000515944,
        0.04419417382780749,
        0.03125000000257972,
        0.022097086913903746
      ],
      "scaling_exponent": 0.4999999999999999,
      "scaling_prefactor": 1.4142135624898384,
      "theoretical_exponent": 0.5,
      "exponent_error": 1.1102230246251565e-16,
      "sigma_w_star": 1.414213562373095,
      "formula": "Delta(N) = 1.4142 * N^(-0.500)"
    }
  },
  "tanh": {
    "scaling": {
      "widths": [
        32,
        64,
        128,
        256,
        512,
        1024
      ],
      "crossover_widths": [
        0.004814236196468963,
        0.003404179060756936,
        0.0024071180982344815,
        0.001702089530378468,
        0.0012035590491172408,
        0.000851044765189234
      ],
      "boundary_stds": [
        0.0024071180982344815,
        0.001702089530378468,
        0.0012035590491172408,
        0.000851044765189234,
        0.0006017795245586204,
        0.000425522382594617
      ],
      "scaling_exponent": 0.4999999999999998,
      "scaling_prefactor": 0.02723343248605549,
      "theoretical_exponent": 0.5,
      "exponent_error": 2.220446049250313e-16,
      "sigma_w_star": 1.0098072889135845,
      "formula": "Delta(N) = 0.0272 * N^(-0.500)"
    }
  },
  "gelu": {
    "scaling": {
      "widths": [
        32,
        64,
        128,
        256,
        512,
        1024
      ],
      "crossover_widths": [
        0.10864376418238607,
        0.07682274238699734,
        0.054321882091193034,
        0.03841137119349867,
        0.027160941045596517,
        0.019205685596749334
      ],
      "boundary_stds": [
        0.054321882091193034,
        0.03841137119349867,
        0.027160941045596517,
        0.019205685596749334,
        0.013580470522798259,
        0.009602842798374667
      ],
      "scaling_exponent": 0.49999999999999967,
      "scaling_prefactor": 0.6145819390959774,
      "theoretical_exponent": 0.5,
      "exponent_error": 3.3306690738754696e-16,
      "sigma_w_star": 1.98147420353133,
      "formula": "Delta(N) = 0.6146 * N^(-0.500)"
    }
  },
  "silu": {
    "scaling": {
      "widths": [
        32,
        64,
        128,
        256,
        512,
        1024
      ],
      "crossover_widths": [
        0.0695856957722963,
        0.04920451735417478,
        0.03479284788614815,
        0.02460225867708739,
        0.017396423943074075,
        0.012301129338543696
      ],
      "boundary_stds": [
        0.03479284788614815,
        0.02460225867708739,
        0.017396423943074075,
        0.012301129338543696,
        0.008698211971537037,
        0.006150564669271848
      ],
      "scaling_exponent": 0.4999999999999996,
      "scaling_prefactor": 0.3936361388333974,
      "theoretical_exponent": 0.5,
      "exponent_error": 3.885780586188048e-16,
      "sigma_w_star": 1.9926021296792866,
      "formula": "Delta(N) = 0.3936 * N^(-0.500)"
    }
  },
  "detail_tanh_128": {
    "crossover_width": 0.07716326638134989,
    "boundary_std": 0.038581633190674945,
    "correlation_length": 0.603448275862069,
    "n_boundary_samples": 100,
    "boundary_mean": 1.0325755714305604,
    "boundary_std_mc": 0.038581633190674945
  },
  "spectrum_tanh": {
    "activation": "tanh",
    "width": 128,
    "depth": 10,
    "sigma_w_star": 1.0098072889135845,
    "chi1_infinite": 0.9999999999998062,
    "chi1_mean_empirical": 0.9953663717354871,
    "chi1_std_empirical": 0.12058534042849946,
    "chi1_var_empirical": 0.014540824326257105,
    "chi1_var_analytical": 5.682216723712479e-06,
    "chi1_std_analytical": 0.002383740070501077,
    "analytical_vs_empirical_ratio": 0.00039077679478265973,
    "n_trials": 200,
    "chi1_percentiles": {
      "2.5": 0.7489687679958433,
      "25": 0.9122124095853923,
      "50": 0.992180987058564,
      "75": 1.066793147725106,
      "97.5": 1.2175618789976148
    }
  },
  "spectrum_gelu": {
    "activation": "gelu",
    "width": 128,
    "depth": 10,
    "sigma_w_star": 1.98147420353133,
    "chi1_infinite": 1.006066245195183,
    "chi1_mean_empirical": 0.9954299930588161,
    "chi1_std_empirical": 0.13377193938462484,
    "chi1_var_empirical": 0.01789493176672374,
    "chi1_var_analytical": 0.0007607219153381843,
    "chi1_std_analytical": 0.027581187707170704,
    "analytical_vs_empirical_ratio": 0.042510467503026395,
    "n_trials": 200,
    "chi1_percentiles": {
      "2.5": 0.7678952998285764,
      "25": 0.912634155228266,
      "50": 0.973290298902624,
      "75": 1.076443716699851,
      "97.5": 1.266274907674778
    }
  },
  "relu_zero_fluctuation": {
    "std_analytical": 0.08838834764831843,
    "std_empirical": 0.19248590645441804,
    "near_zero": false
  }
}