{
  "D3_W64_relu": {
    "xavier": {
      "mean_loss": 0.0660183951828533,
      "losses": [
        0.06771895986512162,
        0.06431783050058495
      ]
    },
    "kaiming": {
      "mean_loss": 0.06769784615047988,
      "losses": [
        0.07061725909859486,
        0.0647784332023649
      ]
    },
    "phasekit": {
      "mean_loss": 0.06802758144966783,
      "losses": [
        0.07072180510278764,
        0.06533335779654803
      ]
    },
    "lsuv": {
      "mean_loss": 0.07311701274964677,
      "losses": [
        0.07369127462719234,
        0.07254275087210119
      ]
    },
    "winner": "xavier"
  },
  "D3_W64_tanh": {
    "xavier": {
      "mean_loss": 0.0639862354534621,
      "losses": [
        0.065804595159061,
        0.062167875747863206
      ]
    },
    "kaiming": {
      "mean_loss": 0.07044719389953691,
      "losses": [
        0.07469533686598394,
        0.06619905093308989
      ]
    },
    "phasekit": {
      "mean_loss": 0.16201179487432882,
      "losses": [
        0.18518779667936938,
        0.13883579306928828
      ]
    },
    "lsuv": {
      "mean_loss": 0.07796448895597582,
      "losses": [
        0.08630182069832906,
        0.06962715721362259
      ]
    },
    "winner": "xavier"
  },
  "D3_W64_gelu": {
    "xavier": {
      "mean_loss": 0.08704483799173657,
      "losses": [
        0.08350874994310607,
        0.09058092604036708
      ]
    },
    "kaiming": {
      "mean_loss": 0.08802523001718274,
      "losses": [
        0.0892608018960891,
        0.08678965813827635
      ]
    },
    "phasekit": {
      "mean_loss": 0.07248210230516555,
      "losses": [
        0.0800012651732184,
        0.06496293943711269
      ]
    },
    "lsuv": {
      "mean_loss": 0.08119453674143653,
      "losses": [
        0.08497818177217932,
        0.07741089171069375
      ]
    },
    "winner": "phasekit"
  },
  "D3_W64_silu": {
    "xavier": {
      "mean_loss": 0.08764006953436422,
      "losses": [
        0.08438653480510826,
        0.09089360426362018
      ]
    },
    "kaiming": {
      "mean_loss": 0.09183401053733733,
      "losses": [
        0.08855491253418243,
        0.09511310854049225
      ]
    },
    "phasekit": {
      "mean_loss": 0.07394077407169658,
      "losses": [
        0.08069027694663826,
        0.06719127119675491
      ]
    },
    "lsuv": {
      "mean_loss": 0.08088323664949432,
      "losses": [
        0.0857410076497323,
        0.07602546564925634
      ]
    },
    "winner": "phasekit"
  },
  "D3_W128_relu": {
    "xavier": {
      "mean_loss": 0.05350934751674934,
      "losses": [
        0.05745996786738083,
        0.049558727166117846
      ]
    },
    "kaiming": {
      "mean_loss": 0.9833942760812966,
      "losses": [
        1.0021154142814002,
        0.9646731378811929
      ]
    },
    "phasekit": {
      "mean_loss": 0.952678673710032,
      "losses": [
        0.9697851500764514,
        0.9355721973436126
      ]
    },
    "lsuv": {
      "mean_loss": 0.048122735794512816,
      "losses": [
        0.04837491069183067,
        0.047870560897194964
      ]
    },
    "winner": "lsuv"
  },
  "D3_W128_tanh": {
    "xavier": {
      "mean_loss": 0.06670958782188463,
      "losses": [
        0.07123318856403807,
        0.062185987079731206
      ]
    },
    "kaiming": {
      "mean_loss": 0.06364864515783086,
      "losses": [
        0.06935650776309464,
        0.057940782552567086
      ]
    },
    "phasekit": {
      "mean_loss": 0.08326218099076396,
      "losses": [
        0.08924471871142073,
        0.07727964327010718
      ]
    },
    "lsuv": {
      "mean_loss": 0.0570205980725693,
      "losses": [
        0.056692717246925636,
        0.05734847889821297
      ]
    },
    "winner": "lsuv"
  },
  "D3_W128_gelu": {
    "xavier": {
      "mean_loss": 0.08087184827668105,
      "losses": [
        0.08360225469488873,
        0.07814144185847337
      ]
    },
    "kaiming": {
      "mean_loss": 0.0698847282517674,
      "losses": [
        0.0739544888045101,
        0.06581496769902472
      ]
    },
    "phasekit": {
      "mean_loss": 0.03973279576663568,
      "losses": [
        0.046999634624548633,
        0.032465956908722726
      ]
    },
    "lsuv": {
      "mean_loss": 0.04918399954537414,
      "losses": [
        0.04854110810215541,
        0.04982689098859288
      ]
    },
    "winner": "phasekit"
  },
  "D3_W128_silu": {
    "xavier": {
      "mean_loss": 0.5132888850822992,
      "losses": [
        0.4624218107681968,
        0.5641559593964017
      ]
    },
    "kaiming": {
      "mean_loss": 0.11960089474412303,
      "losses": [
        0.12943398351559024,
        0.10976780597265583
      ]
    },
    "phasekit": {
      "mean_loss": 0.5988016550298082,
      "losses": [
        0.5143962625722106,
        0.6832070474874058
      ]
    },
    "lsuv": {
      "mean_loss": 0.45490224610662205,
      "losses": [
        0.2819170150784974,
        0.6278874771347467
      ]
    },
    "winner": "kaiming"
  },
  "D5_W64_relu": {
    "xavier": {
      "mean_loss": 0.070650744743639,
      "losses": [
        0.08395332138765522,
        0.057348168099622766
      ]
    },
    "kaiming": {
      "mean_loss": 28844.569079619818,
      "losses": [
        3078.810276744378,
        54610.32788249526
      ]
    },
    "phasekit": {
      "mean_loss": 27527.15406599287,
      "losses": [
        813.7912034383047,
        54240.51692854743
      ]
    },
    "lsuv": {
      "mean_loss": 0.06018575873795193,
      "losses": [
        0.06175752752009841,
        0.05861398995580544
      ]
    },
    "winner": "lsuv"
  },
  "D5_W64_tanh": {
    "xavier": {
      "mean_loss": 0.06131814264315283,
      "losses": [
        0.06522849188272382,
        0.05740779340358183
      ]
    },
    "kaiming": {
      "mean_loss": 0.06889389482128555,
      "losses": [
        0.07239041007615109,
        0.06539737956642
      ]
    },
    "phasekit": {
      "mean_loss": 0.07198114811414877,
      "losses": [
        0.09014241480816344,
        0.05381988142013409
      ]
    },
    "lsuv": {
      "mean_loss": 0.061618709297651585,
      "losses": [
        0.05705728080686244,
        0.06618013778844073
      ]
    },
    "winner": "xavier"
  },
  "D5_W64_gelu": {
    "xavier": {
      "mean_loss": 0.305918641643046,
      "losses": [
        0.436215244596752,
        0.17562203868934
      ]
    },
    "kaiming": {
      "mean_loss": 0.14521301259755776,
      "losses": [
        0.16858158858046976,
        0.12184443661464572
      ]
    },
    "phasekit": {
      "mean_loss": 0.06267290273297008,
      "losses": [
        0.07312539600980747,
        0.052220409456132696
      ]
    },
    "lsuv": {
      "mean_loss": 0.06322734257096613,
      "losses": [
        0.06248726797773308,
        0.06396741716419918
      ]
    },
    "winner": "phasekit"
  },
  "D5_W64_silu": {
    "xavier": {
      "mean_loss": 0.39080309981021816,
      "losses": [
        0.5386582042480048,
        0.24294799537243147
      ]
    },
    "kaiming": {
      "mean_loss": 0.17495892056420304,
      "losses": [
        0.20018504978838927,
        0.14973279134001682
      ]
    },
    "phasekit": {
      "mean_loss": 0.06516325172168186,
      "losses": [
        0.07572224729065229,
        0.054604256152711445
      ]
    },
    "lsuv": {
      "mean_loss": 0.06642001523337891,
      "losses": [
        0.062289199787660406,
        0.07055083067909743
      ]
    },
    "winner": "phasekit"
  },
  "D5_W128_relu": {
    "xavier": {
      "mean_loss": 0.05055256081121856,
      "losses": [
        0.05180626865965505,
        0.049298852962782067
      ]
    },
    "kaiming": {
      "mean_loss": 472115.294556887,
      "losses": [
        385486.14642072894,
        558744.4426930451
      ]
    },
    "phasekit": {
      "mean_loss": 438556.27216616855,