{
  "activations": {
    "relu_sw0.5": {
      "activation": "relu",
      "sigma_w": 0.7071067811865475,
      "sigma_w_star": 1.414213562373095,
      "sigma_w_mult": 0.5,
      "chi_1": 0.24999999999999994,
      "phase": "ordered",
      "depth_scale": 0.7213475204444816,
      "probabilities": {
        "ordered": 0.9999980000040002,
        "critical": 9.99998000004e-07,
        "chaotic": 9.99998000004e-07
      }
    },
    "relu_sw0.8": {
      "activation": "relu",
      "sigma_w": 1.131370849898476,
      "sigma_w_star": 1.414213562373095,
      "sigma_w_mult": 0.8,
      "chi_1": 0.64,
      "phase": "ordered",
      "depth_scale": 2.240710058862275,
      "probabilities": {
        "ordered": 0.9873544914309268,
        "critical": 0.01264450857007334,
        "chaotic": 9.999990000010248e-07
      }
    },
    "relu_sw1.0": {
      "activation": "relu",
      "sigma_w": 1.414213562373095,
      "sigma_w_star": 1.414213562373095,
      "sigma_w_mult": 1.0,
      "chi_1": 0.9999999999999998,
      "phase": "critical",
      "depth_scale": Infinity,
      "probabilities": {
        "ordered": 0.00353566785280357,
        "critical": 0.7531929768947432,
        "chaotic": 0.24327135525245325
      }
    },
    "relu_sw1.2": {
      "activation": "relu",
      "sigma_w": 1.6970562748477138,
      "sigma_w_star": 1.414213562373095,
      "sigma_w_mult": 1.2,
      "chi_1": 1.4399999999999995,
      "phase": "chaotic",
      "depth_scale": -2.7424074738735413,
      "probabilities": {
        "ordered": 9.99999034583311e-07,
        "critical": 0.0011841995332416819,
        "chaotic": 0.9988148004677238
      }
    },
    "relu_sw1.5": {
      "activation": "relu",
      "sigma_w": 2.1213203435596424,
      "sigma_w_star": 1.414213562373095,
      "sigma_w_mult": 1.5,
      "chi_1": 2.2499999999999996,
      "phase": "chaotic",
      "depth_scale": -1.233151731188216,
      "probabilities": {
        "ordered": 9.999980004278403e-07,
        "critical": 9.999980004278403e-07,
        "chaotic": 0.9999980000039991
      }
    },
    "tanh_sw0.5": {
      "activation": "tanh",
      "sigma_w": 0.5049036444567923,
      "sigma_w_star": 1.0098072889135845,
      "sigma_w_mult": 0.5,
      "chi_1": 0.25492768939120725,
      "phase": "ordered",
      "depth_scale": 0.7316491357704635,
      "probabilities": {
        "ordered": 0.9999980000040002,
        "critical": 9.99998000004e-07,
        "chaotic": 9.99998000004e-07
      }
    },
    "tanh_sw0.8": {
      "activation": "tanh",
      "sigma_w": 0.8078458311308676,
      "sigma_w_star": 1.0098072889135845,
      "sigma_w_mult": 0.8,
      "chi_1": 0.6526148663065474,
      "phase": "ordered",
      "depth_scale": 2.3431928603405545,
      "probabilities": {
        "ordered": 0.9998091073718958,
        "critical": 0.00018989262910432155,
        "chaotic": 9.99999000001e-07
      }
    },
    "tanh_sw1.0": {
      "activation": "tanh",
      "sigma_w": 1.0098072889135845,
      "sigma_w_star": 1.0098072889135845,
      "sigma_w_mult": 1.0,
      "chi_1": 0.9999999999998062,
      "phase": "critical",
      "depth_scale": Infinity,
      "probabilities": {
        "ordered": 9.999990000009998e-07,
        "critical": 0.9999829994983328,
        "chaotic": 1.6000502667066682e-05
      }
    },
    "tanh_sw1.2": {
      "activation": "tanh",
      "sigma_w": 1.2117687466963014,
      "sigma_w_star": 1.0098072889135845,
      "sigma_w_mult": 1.2,
      "chi_1": 1.0368089963204772,
      "phase": "critical",
      "depth_scale": -27.66425934547097,
      "probabilities": {
        "ordered": 9.999990000009998e-07,
        "critical": 0.9011934735118168,
        "chaotic": 0.0988055264891831
      }
    },
    "tanh_sw1.5": {
      "activation": "tanh",
      "sigma_w": 1.5147109333703768,
      "sigma_w_star": 1.0098072889135845,
      "sigma_w_mult": 1.5,
      "chi_1": 1.1453140596381213,
      "phase": "chaotic",
      "depth_scale": -7.370343462979073,
      "probabilities": {
        "ordered": 9.999990008572e-07,
        "critical": 0.1715328016262386,
        "chaotic": 0.8284661983747607
      }
    },
    "gelu_sw0.5": {
      "activation": "gelu",
      "sigma_w": 0.990737101765665,
      "sigma_w_star": 1.98147420353133,
      "sigma_w_mult": 0.5,
      "chi_1": 0.2453900027068941,
      "phase": "ordered",
      "depth_scale": 0.7117911474898214,
      "probabilities": {
        "ordered": 0.9999980000040002,
        "critical": 9.99998000004e-07,
        "chaotic": 9.99998000004e-07
      }
    },
    "gelu_sw0.8": {
      "activation": "gelu",
      "sigma_w": 1.585179362825064,
      "sigma_w_star": 1.98147420353133,
      "sigma_w_mult": 0.8,
      "chi_1": 0.628198426590939,
      "phase": "critical",
      "depth_scale": 2.1510039326885146,
      "probabilities": {
        "ordered": 0.01645466938768993,
        "critical": 0.9835443306133101,
        "chaotic": 9.99999000001e-07
      }
    },
    "gelu_sw1.0": {
      "activation": "gelu",
      "sigma_w": 1.98147420353133,
      "sigma_w_star": 1.98147420353133,
      "sigma_w_mult": 1.0,
      "chi_1": 1.006066245195183,
      "phase": "critical",
      "depth_scale": -165.34611328421062,
      "probabilities": {
        "ordered": 9.999990000009998e-07,
        "critical": 0.9999883042443899,
        "chaotic": 1.0695756609967358e-05
      }
    },
    "gelu_sw1.2": {
      "activation": "gelu",
      "sigma_w": 2.377769044237596,
      "sigma_w_star": 1.98147420353133,
      "sigma_w_mult": 1.2,
      "chi_1": 2.8268928138672824,
      "phase": "chaotic",
      "depth_scale": -0.9622988971070793,
      "probabilities": {
        "ordered": 9.999980000048202e-07,
        "critical": 9.999980000048202e-07,
        "chaotic": 0.999998000004
      }
    },
    "gelu_sw1.5": {
      "activation": "gelu",
      "sigma_w": 2.972211305296995,
      "sigma_w_star": 1.98147420353133,
      "sigma_w_mult": 1.5,
      "chi_1": 4.417020021667628,
      "phase": "chaotic",
      "depth_scale": -0.6731897562638399,
      "probabilities": {
        "ordered": 9.999980000039998e-07,
        "critical": 9.999980000039998e-07,
        "chaotic": 0.999998000004
      }
    },
    "silu_sw0.5": {
      "activation": "silu",
      "sigma_w": 0.9963010648396433,
      "sigma_w_star": 1.9926021296792866,
      "sigma_w_mult": 0.5,
      "chi_1": 0.2481539533417301,
      "phase": "ordered",
      "depth_scale": 0.7175114686143761,
      "probabilities": {
        "ordered": 0.9999980000040002,
        "critical": 9.99998000004e-07,
        "chaotic": 9.99998000004e-07
      }
    },
    "silu_sw0.8": {
      "activation": "silu",
      "sigma_w": 1.5940817037434294,
      "sigma_w_star": 1.9926021296792866,
      "sigma_w_mult": 0.8,
      "chi_1": 0.6352741274030611,
      "phase": "critical",
      "depth_scale": 2.204106054734728,
      "probabilities": {
        "ordered": 0.006441766457442096,
        "critical": 0.993557233543558,
        "chaotic": 9.99999000001e-07
      }
    },
    "silu_sw1.0": {
      "activation": "silu",
      "sigma_w": 1.9926021296792866,
      "sigma_w_star": 1.9926021296792866,
      "sigma_w_mult": 1.0,
      "chi_1": 1.0024451798615959,
      "phase": "critical",
      "depth_scale": -409.4676665803629,
      "probabilities": {
        "ordered": 9.999980005838133e-07,
        "critical": 0.999998000003999,
        "chaotic": 9.999980005838133e-07
      }
    },
    "silu_sw1.2": {
      "activation": "silu",
      "sigma_w": 2.391122555615144,
      "sigma_w_star": 1.9926021296792866,
      "sigma_w_mult": 1.2,
      "chi_1": 2.8587335379857453,
      "phase": "chaotic",
      "depth_scale": -0.9520375770235618,
      "probabilities": {
        "ordered": 9.999980000045595e-07,
        "critical": 9.999980000045595e-07,
        "chaotic": 0.999998000004
      }
    },
    "silu_sw1.5": {
      "activation": "silu",
      "sigma_w": 2.98890319451893,
      "sigma_w_star": 1.9926021296792866,