{
  "relu_sw0.8": {
    "activation": "relu",
    "sigma_w": 1.131370849898476,
    "mc_variance_mean": [
      1.0025744408369064,
      0.43866515457630156,
      0.2742314226925373,
      0.17531108036637305,
      0.10976526513695717,
      0.06622414495795965,
      0.04403970390558243,
      0.02768544089049101,
      0.018007228104397654,
      0.011148559278808534,
      0.006967439805157483
    ],
    "mf_prediction": [
      1.0,
      0.64,
      0.4096,
      0.26214400000000004,
      0.16777216000000003,
      0.10737418240000002,
      0.06871947673600001,
      0.04398046511104001,
      0.028147497671065606,
      0.01801439850948199,
      0.011529215046068473
    ],
    "fw_prediction": [
      1.0,
      0.640802,
      0.40992820428800003,
      0.2622783551669535,
      0.16782717161018584,
      0.10739670984286984,
      0.06872870258391695,
      0.04398424365326341,
      0.028149045266255897,
      0.018015032379383594,
      0.011529474672603412
    ],
    "mf_mean_error": 0.5075445137620358,
    "fw_mean_error": 0.5080134999422298,
    "phase": "ordered"
  },
  "relu_sw1.0": {
    "activation": "relu",
    "sigma_w": 1.414213562373095,
    "mc_variance_mean": [
      1.0025744408369064,
      0.6854142218828201,
      0.6695101529359817,
      0.6687584519386292,
      0.6542516350746155,
      0.6167600259184838,
      0.6408615589141846,
      0.6294934779405594,
      0.6397445932030678,
      0.6188686653971672,
      0.6043283045291901
    ],
    "mf_prediction": [
      1.0,
      0.9999999999999998,
      0.9999999999999996,
      0.9999999999999993,
      0.9999999999999991,
      0.9999999999999989,
      0.9999999999999987,
      0.9999999999999984,
      0.9999999999999982,
      0.999999999999998,
      0.9999999999999978
    ],
    "fw_prediction": [
      1.0,
      1.001960754394531,
      1.0019607543945308,
      1.0019607543945306,
      1.0019607543945304,
      1.0019607543945301,
      1.00196075439453,
      1.0019607543945297,
      1.0019607543945295,
      1.0019607543945293,
      1.001960754394529
    ],
    "mf_mean_error": 0.5075455123998617,
    "fw_mean_error": 0.5103227307720096,
    "phase": "critical"
  },
  "relu_sw1.2": {
    "activation": "relu",
    "sigma_w": 1.6970562748477138,
    "mc_variance_mean": [
      1.0025744408369064,
      0.9869965374469757,
      1.388296413421631,
      1.9969023287296295,
      2.813162887096405,
      3.818816578388214,
      5.713987898826599,
      8.082186222076416,
      11.827875804901122,
      16.476354789733886,
      23.16850938796997
    ],
    "mf_prediction": [
      1.0,
      1.4399999999999995,
      2.0735999999999986,
      2.985983999999997,
      4.299816959999994,
      6.191736422399989,
      8.916100448255982,
      12.83918464548861,
      18.488425889503592,
      26.623333280885163,
      38.337599924474624
    ],
    "fw_prediction": [
      1.0,
      1.4440727812499996,
      2.0820661044479984,
      3.003601378601334,
      4.3365336796267355,
      6.268425584802831,
      9.076775457098854,
      13.177294269376844,
      19.204262628352666,
      28.151683718385367,
      41.638144936019806
    ],
    "mf_mean_error": 0.5075450764693253,
    "fw_mean_error": 0.5455336048902703,
    "phase": "chaotic"
  },
  "leaky_relu_sw0.8": {
    "activation": "leaky_relu",
    "sigma_w": 1.1313142855982683,
    "mc_variance_mean": [
      1.0025744408369064,
      0.4427464440464973,
      0.2769052103161812,
      0.17697054892778397,
      0.1108932614326477,
      0.06697091013193131,
      0.04449914712458849,
      0.027968103624880315,
      0.018197723012417556,
      0.011261095409281552,
      0.007035695598460734
    ],
    "mf_prediction": [
      1.0,
      0.64,
      0.4096,
      0.262144,
      0.16777216,
      0.1073741824,
      0.068719476736,
      0.04398046511104,
      0.0281474976710656,
      0.018014398509481985,
      0.01152921504606847
    ],
    "fw_prediction": [
      1.0,
      0.6410274481103777,
      0.40998723339272053,
      0.2622938003073494,
      0.16783120858871878,
      0.1073977632496554,
      0.06872897673633536,
      0.04398431470481323,
      0.028149063557816396,
      0.01801503703752754,
      0.011529475837642305
    ],
    "mf_mean_error": 0.49334002985074527,
    "fw_mean_error": 0.4938837627355385,
    "phase": "ordered"
  },
  "leaky_relu_sw1.0": {
    "activation": "leaky_relu",
    "sigma_w": 1.4141428569978354,
    "mc_variance_mean": [
      1.0025744408369064,
      0.691791319847107,
      0.6760381132364273,
      0.6750890791416169,
      0.6609753608703614,
      0.6237152144312859,
      0.6475478291511536,
      0.6359210640192032,
      0.6465129986405372,
      0.6251163765788078,
      0.6102493315935135
    ],
    "mf_prediction": [
      1.0,
      1.0,
      1.0,
      1.0,
      1.0,
      1.0,
      1.0,
      1.0,
      1.0,
      1.0,
      1.0
    ],
    "fw_prediction": [
      1.0,
      1.0028214297326008,
      1.0028214297326008,
      1.0028214297326008,
      1.0028214297326008,
      1.0028214297326008,
      1.0028214297326008,
      1.0028214297326008,
      1.0028214297326008,
      1.0028214297326008,
      1.0028214297326008
    ],
    "mf_mean_error": 0.49334001016468054,
    "fw_mean_error": 0.49729621182616685,
    "phase": "critical"
  },
  "leaky_relu_sw1.2": {
    "activation": "leaky_relu",
    "sigma_w": 1.6969714283974024,
    "mc_variance_mean": [
      1.0025744408369064,
      0.9961794972419739,
      1.4018326222896575,
      2.0158051908016206,
      2.8420730352401735,
      3.8618802428245544,
      5.7736015796661375,
      8.164707946777344,
      11.95300772190094,
      16.642681980133055,
      23.395494651794433
    ],
    "mf_prediction": [
      1.0,
      1.44,
      2.0736,
      2.985984,
      4.29981696,
      6.1917364224,
      8.916100448256,
      12.839184645488638,
      18.488425889503638,
      26.623333280885237,
      38.337599924474745
    ],
    "fw_prediction": [
      1.0,
      1.4466438130248622,
      2.089745380840998,
      3.0265361714873658,
      4.405026135416005,
      6.472962725782276,
      9.687561069834162,
      15.00117531746662,
      24.03495365635473,
      34.61033326515081,
      49.838879901817165
    ],
    "mf_mean_error": 0.49334000648841614,
    "fw_mean_error": 0.6735308902459264,
    "phase": "chaotic"
  },
  "mish_sw0.8": {
    "activation": "mish",
    "sigma_w": 1.3288140433882962,
    "mc_variance_mean": [
      1.0025744408369064,
      0.6954628348350524,
      0.5712682276964187,
      0.46912175565958025,
      0.37852203845977783,
      0.2927148714661598,
      0.23325640261173247,
      0.17735426351428032,
      0.13367029801011085,
      0.09500604830682277,
      0.06695443764328957
    ],
    "mf_prediction": [
      1.0,
      0.7987217614610832,
      0.626728153245572,
      0.48194017123135074,
      0.36237830797084597,
      0.265977766188149,
      0.19042104625798928,
      0.13304851162919762,
      0.09090446518379383,
      0.06092603081658362,
      0.04020624115732901
    ],
    "fw_prediction": [
      1.0,
      0.8125936760655569,
      0.6351177378742237,
      0.48677449673662476,
      0.3650115910641106,
      0.2673241857869894,
      0.19106441750055853,
      0.1333358963708743,
      0.09102527762554181,
      0.0609744671108086,
      0.04022508563469063
    ],
    "mf_mean_error": 0.17464036592249227,
    "fw_mean_error": 0.17712282425500472,
    "phase": "critical"
  },
  "mish_sw1.0": {
    "activation": "mish",
    "sigma_w": 1.6610175542353702,
    "mc_variance_mean": [
      1.0025744408369064,
      1.0712643206119536,
      1.3815127432346344,
      1.8249985516071319,
      2.4060161828994753,
      3.0851619839668274,
      4.280063652992249,
      5.701610946655274,
      7.835180735588073,
      10.350885319709779,
      13.90342755317688
    ],