{
  "NTK Computation": {
    "ntk_symmetric": true,
    "ntk_psd": true,
    "condition_number": 94.37421708496913,
    "effective_rank": 9.635389042395046,
    "empirical_ntk_psd": true,
    "alignment": 0.1107570120996822,
    "status": "passed",
    "time": 1.3969581127166748
  },
  "Mean Field Theory": {
    "critical_sigma_w": 1.414213562373095,
    "chi_1_at_critical": 0.9999999999999998,
    "phase_at_critical": "critical",
    "ordered_chi_1": 0.5,
    "chaotic_chi_1": 2.0,
    "fixed_point": 0.9999999999999998,
    "depth_scale": Infinity,
    "status": "passed",
    "time": 27.02595806121826
  },
  "Phase Diagram": {
    "n_boundary_points": 29,
    "phases_found": [
      "ordered",
      "critical",
      "chaotic"
    ],
    "recommended_sigma_w": 1.4482758620689655,
    "json_size": 41462,
    "boundary_curve_points": 20,
    "status": "passed",
    "time": 0.6727898120880127
  },
  "Regime Detector": {
    "wide_regime": "lazy",
    "wide_confidence": 0.75,
    "narrow_regime": "rich",
    "cka_small_change": 0.9932397938696425,
    "cka_large_change": 0.19141697279750933,
    "kernel_alignment": 0.22267342513056096,
    "status": "passed",
    "time": 0.017771005630493164
  },
  "Width-Depth Tradeoff": {
    "optimal_width": 43,
    "optimal_depth": 28,
    "efficiency_ratio": 1.5357142857142858,
    "predicted_loss": 0.033911720970727914,
    "aspect_ratio": 0.9540954763499939,
    "scaling_exponent": 0.1255072235584223,
    "scaling_prediction": 0.06499533209935272,
    "status": "passed",
    "time": 0.040701866149902344
  },
  "Initialization Advisor": {
    "method": "kaiming",
    "stability_score": 1.0,
    "layer_variances": [
      0.9765758247496166,
      0.6622765895753477,
      0.57085700119136,
      0.5401584260306765,
      0.6218823048617734
    ],
    "gradient_healthy": true,
    "orthogonal_check": true,
    "relu_gain": 1.4142135623730951,
    "status": "passed",
    "time": 0.0427548885345459
  },
  "Finite-Width Corrections": {
    "corrections_decrease": true,
    "widths": [
      10,
      50,
      100,
      500,
      1000,
      5000
    ],
    "corrections": [
      1.0,
      0.2,
      0.1,
      0.02,
      0.01,
      0.002
    ],
    "ntk_relative_correction": 0.02505193671044556,
    "critical_width": 200,
    "feature_learning_regime": "transitional",
    "status": "passed",
    "time": 0.04408097267150879
  },
  "Experiment Predictor": {
    "final_loss": 10.18026611321696,
    "time_per_epoch": 0.001762956,
    "memory_mb": 0.250924,
    "convergence_prob": 0.19999999999999996,
    "n_configs_ranked": 3,
    "best_config": 0,
    "status": "passed",
    "time": 0.08937501907348633
  }
}