{
  "mean_ms": 204.84847079933388,
  "stdev_ms": 125.07437417107963,
  "min_ms": 136.33033299993258,
  "max_ms": 637.9758330003824,
  "n_runs": 20,
  "all_times_ms": [
    140.73424998787232,
    143.24112499889452,
    139.46337498782668,
    142.85841699165758,
    136.33033299993258,
    141.8744160037022,
    145.82020799571183,
    142.38437500898726,
    151.33829100523144,
    146.00395799789112,
    142.90287499898113,
    148.69316699332558,
    143.1069579994073,
    144.1705839970382,
    364.95995899895206,
    637.9758330003824,
    366.48787499871105,
    260.23366700974293,
    210.06483300880063,
    248.3249170036288
  ]
}