{
    "name": "noswot_0_100",
    "bilevel_type": "optimistic",
    "status": "feasible",
    "difficulty": "hard",
    "objective_value": -41.0,
    "upper_level_decisions": {
        "x1": 0.0,
        "x2": 0.0,
        "x3": 0.0,
        "x4": 1.0,
        "x5": 1.0,
        "x6": 0.0,
        "x7": 0.0,
        "x8": 0.0,
        "x9": 0.0,
        "x10": 0.0,
        "x11": 0.0,
        "x12": 1.0,
        "x13": 0.0,
        "x14": 0.0,
        "x15": 0.0,
        "x16": 1.0,
        "x17": 1.0,
        "x18": 0.0,
        "x19": 0.0,
        "x20": 0.0,
        "x21": 1.0,
        "x22": 1.0,
        "x23": 1.0,
        "x24": 0.0,
        "x25": 0.0,
        "x26": 0.0,
        "x27": 1.0,
        "x28": 0.0,
        "x29": 0.0,
        "x30": 0.0,
        "x31": 1.0,
        "x32": 1.0,
        "x33": 1.0,
        "x34": 0.0,
        "x35": 0.0,
        "x36": 0.0,
        "x37": 1.0,
        "x38": 0.0,
        "x39": 0.0,
        "x40": 0.0,
        "x41": 1.0,
        "x42": 1.0,
        "x43": 1.0,
        "x44": 1.0,
        "x45": 0.0,
        "x46": 1.0,
        "x47": 0.0,
        "x48": 1.0,
        "x49": 1.0,
        "x50": 0.0,
        "x51": 1.0,
        "x52": 8.0,
        "x53": 1.0,
        "x54": 7.0,
        "x55": 1.0,
        "x56": 9.0,
        "x57": 1.0,
        "x58": 6.0,
        "x59": 1.0,
        "x60": 3.0,
        "x61": 0.0,
        "x62": 0.0,
        "x63": 0.0,
        "x64": 0.0
    },
    "lower_level_decisions": {
        "x65": 0.0,
        "x66": 0.0,
        "x67": 1.0,
        "x68": 2.0,
        "x69": 1.0,
        "x70": 3.0,
        "x71": 0.0,
        "x72": 0.0,
        "x73": 0.0,
        "x74": 0.0,
        "x75": 0.0,
        "x76": 0.0,
        "x77": 0.0,
        "x78": 0.0,
        "x79": 0.0,
        "x80": 0.0,
        "x81": 0.0,
        "x82": 0.0,
        "x83": 1.0,
        "x84": 1.0,
        "x85": 0.0,
        "x86": 0.0,
        "x87": 0.0,
        "x88": 0.0,
        "x89": 0.0,
        "x90": 0.0,
        "x91": 1.0,
        "x92": 1.0,
        "x93": 1.0,
        "x94": 1.0,
        "x95": 0.0,
        "x96": 0.0,
        "x97": 0.0,
        "x98": 0.0,
        "x99": 0.0,
        "x100": 0.0,
        "x101": -0.0,
        "x102": 0.0,
        "x103": 1.2502991,
        "x104": 0.7977992,
        "x105": 0.0,
        "x106": 0.0,
        "x107": 0.0,
        "x108": 0.0,
        "x109": 14.0475998,
        "x110": 6.9999003,
        "x111": 0.0,
        "x112": 0.0,
        "x113": 0.0,
        "x114": 0.0,
        "x115": 0.0,
        "x116": 0.0,
        "x117": 17.7599001,
        "x118": 0.0,
        "x119": 0.0,
        "x120": 0.0,
        "x121": 16.9164008,
        "x122": 15.0099,
        "x123": 0.0,
        "x124": 0.0,
        "x125": 0.0,
        "x126": 7.9280005,
        "x127": 0.0,
        "x128": 0.0
    }
}