{
  "experiment": "multi_instrument",
  "seed": 42,
  "asset_classes": {
    "equity": {
      "description": "Equity-like: 3 regimes (bull/bear/crash), moderate stickiness",
      "n_regimes": 3,
      "n_features": 5,
      "T": 500,
      "regime_persistence": 0.95,
      "regime_detection": {
        "adjusted_rand_index": 0.0932
      },
      "causal_discovery": {
        "shd": 5,
        "precision": 0.25,
        "recall": 0.3333,
        "tp": 1,
        "fp": 3,
        "fn": 2
      },
      "pac_bayes_bound": 0.024409,
      "shield_permissivity": 1.0,
      "convergence": {
        "estimated_contraction_rate": 0.9079583500841748,
        "lyapunov_violations": 2,
        "contraction_rates": [
          0.17650416675714561,
          0.032785438677601184,
          8.201492265956414,
          1.404783399151276,
          1.2290394853647317,
          1.168853755968337,
          1.132679652772184,
          0.9299930045741576,
          0.8548549376604274,
          0.8830333305181443,
          0.9178823567607804,
          0.9274137206399297,
          0.898034343407569,
          0.846331828047223,
          0.7978297055528325,
          0.7592001887112022
        ],
        "n_iterations": 18,
        "final_ll": 8262.015259347183
      },
      "elapsed_s": 79.12
    },
    "fx": {
      "description": "FX-like: 2 regimes (trending/ranging), high stickiness",
      "n_regimes": 2,
      "n_features": 8,
      "T": 500,
      "regime_persistence": 0.98,
      "regime_detection": {
        "adjusted_rand_index": 0.8609
      },
      "causal_discovery": {
        "shd": 3,
        "precision": 0.5,
        "recall": 0.6667,
        "tp": 2,
        "fp": 2,
        "fn": 1
      },
      "pac_bayes_bound": 0.016618,
      "shield_permissivity": 1.0,
      "convergence": {
        "estimated_contraction_rate": 0.5594694741171438,
        "lyapunov_violations": 1,
        "contraction_rates": [
          0.15455177096297434,
          0.2483920156030989,
          5.001127565147845,
          2.276049304423639,
          1.544836962621049,
          0.905687974144228,
          0.40349985044857584,
          0.3224752968533481,
          0.4114689836029837,
          0.5224698946003896,
          0.596469053633898,
          0.6325127873055124
        ],
        "n_iterations": 14,
        "final_ll": 12040.471976648696
      },
      "elapsed_s": 144.83
    },
    "crypto": {
      "description": "Crypto-like: 4 regimes (bubble/crash/accumulation/distribution), low stickiness",
      "n_regimes": 4,
      "n_features": 10,
      "T": 500,
      "regime_persistence": 0.9,
      "regime_detection": {
        "adjusted_rand_index": 0.4828
      },
      "causal_discovery": {
        "shd": 8,
        "precision": 0.3333,
        "recall": 0.3333,
        "tp": 2,
        "fp": 4,
        "fn": 4
      },
      "pac_bayes_bound": 0.024735,
      "shield_permissivity": 1.0,
      "convergence": {
        "estimated_contraction_rate": 0.935489889684388,
        "lyapunov_violations": 11,
        "contraction_rates": [
          0.18668378749611494,
          0.5127410548418456,
          2.296818703713729,
          1.3406433156149749,
          1.0384477344334837,
          0.9199991221705313,
          0.8555464967825581,
          0.7767002515676047,
          0.7664360066153018,
          0.7484911980942676,
          0.6871594479169165,
          1.0499208910671949,
          0.8226786204170606,
          0.7260292425054835,
          1.5390405078548883,
          1.094142415611944,
          0.5079466912742462,
          0.6675627837137537,
          0.32821723759542143,
          0.5405817519941393,
          1.5902710029690674,
          1.0009626965397618,
          0.9509806571982445,
          0.9635206900313675,
          0.9863921896082132,
          1.0074410200559074,
          1.0228832680400786,
          1.0305365155510033
        ],
        "n_iterations": 30,
        "final_ll": 15682.641468045218
      },
      "elapsed_s": 281.33
    }
  }
}