matrix_size,num_trials,mean_total_ms,std_total_ms,median_total_ms,min_total_ms,max_total_ms,mean_overhead
100,5,3.683425200142665,0.20585917444998417,3.66408300033072,3.507291999994777,4.013875000964617,1360.6459812679182
500,5,32.65210839963402,2.3897218247910255,33.74216699739918,29.70570900288294,35.01174999837531,8167.269139579371
1000,5,36.617674599256134,3.7391337344407822,35.60179199484992,33.200541001860984,42.61733299790649,9279.455402779713
5000,5,81.41774960022303,21.152666505780623,72.07225000092876,68.79837499946007,118.67708299905644,20808.454889991706
10000,5,202.43233359942678,6.068051641452744,203.57400099965162,194.13574999998673,209.83116699426319,52136.29786486263
