{
  "metadata": {
    "n_prompts": 20,
    "n_responses_per_prompt": 50,
    "k_select": 10,
    "generation_model": "gpt-4.1-nano",
    "embedding_model": "text-embedding-3-small",
    "quality_judge": "gpt-4.1-nano",
    "timestamp": "2026-02-24 11:34:02"
  },
  "summary": {
    "DivFlow": {
      "coverage_mean": 0.68125,
      "coverage_std": 0.09249155366842965,
      "coverage_ci_95": [
        0.5,
        0.75
      ],
      "quality_mean": 0.697620949325138,
      "quality_std": 0.11316220444130996,
      "diversity_mean": 0.0777186324329255,
      "diversity_std": 0.015443607116827018,
      "n_prompts": 20
    },
    "DPP": {
      "coverage_mean": 0.8625,
      "coverage_std": 0.08750000000000001,
      "coverage_ci_95": [
        0.75,
        1.0
      ],
      "quality_mean": 0.546034521088071,
      "quality_std": 0.06571361761387512,
      "diversity_mean": 0.12969180751926457,
      "diversity_std": 0.02269157417252262,
      "n_prompts": 20
    },
    "Random": {
      "coverage_mean": 0.64375,
      "coverage_std": 0.13272975363497064,
      "coverage_ci_95": [
        0.375,
        0.8156249999999998
      ],
      "quality_mean": 0.575876008537548,
      "quality_std": 0.11482637580518572,
      "diversity_mean": 0.093657838837337,
      "diversity_std": 0.01905317629336294,
      "n_prompts": 20
    },
    "TopQuality": {
      "coverage_mean": 0.4375,
      "coverage_std": 0.1605654072333141,
      "coverage_ci_95": [
        0.25,
        0.75
      ],
      "quality_mean": 0.872015727150249,
      "quality_std": 0.07342789666165511,
      "diversity_mean": 0.07665075371744787,
      "diversity_std": 0.020609180443338728,
      "n_prompts": 20
    }
  },
  "comparisons": {
    "DivFlow_vs_DPP": {
      "coverage_diff": -0.18125000000000002,
      "cohens_d": -1.9622337897873265,
      "p_value": 6.199388717712776e-06,
      "significant_at_005": true
    },
    "DivFlow_vs_Random": {
      "coverage_diff": 0.03749999999999998,
      "cohens_d": 0.31951455716258975,
      "p_value": 0.24916839961686832,
      "significant_at_005": false
    },
    "DivFlow_vs_TopQuality": {
      "coverage_diff": 0.24375000000000002,
      "cohens_d": 1.8132052588110938,
      "p_value": 6.081434253535866e-07,
      "significant_at_005": true
    }
  },
  "prompt_details": [
    {
      "prompt": "What are the main causes of climate change and what can individuals do?",
      "n_responses": 50,
      "n_topics": 8,
      "quality_dist": {
        "mean": 0.7330802167920613,
        "std": 0.1976069483294342,
        "min": 0.1,
        "max": 1.0
      },
      "results": {
        "DivFlow": {
          "coverage": 0.75,
          "quality": 0.8075413256409492,
          "diversity": 0.08249883745952358
        },
        "DPP": {
          "coverage": 0.75,
          "quality": 0.6058077196780924,
          "diversity": 0.13358203998555018
        },
        "Random": {
          "coverage": 0.625,
          "quality": 0.6951420086717424,
          "diversity": 0.09826531752851364
        },
        "TopQuality": {
          "coverage": 0.375,
          "quality": 0.9564647858935164,
          "diversity": 0.06398023097271688
        }
      }
    },
    {
      "prompt": "Explain the concept of supply and demand in economics.",
      "n_responses": 50,
      "n_topics": 8,
      "quality_dist": {
        "mean": 0.5322078441790553,
        "std": 0.2525183484321411,
        "min": 0.1,
        "max": 1.0
      },
      "results": {
        "DivFlow": {
          "coverage": 0.75,
          "quality": 0.6441893699352463,
          "diversity": 0.08132155051801404
        },
        "DPP": {
          "coverage": 1.0,
          "quality": 0.5442305777946176,
          "diversity": 0.1325858898288187
        },
        "Random": {
          "coverage": 0.75,
          "quality": 0.48259062118898266,
          "diversity": 0.10445792896992145
        },
        "TopQuality": {
          "coverage": 0.25,
          "quality": 0.8606102065118441,
          "diversity": 0.06818358225614607
        }
      }
    },
    {
      "prompt": "What are the key differences between Python and JavaScript?",
      "n_responses": 50,
      "n_topics": 8,
      "quality_dist": {
        "mean": 0.5132805962865017,
        "std": 0.208964467555156,
        "min": 0.1,
        "max": 1.0
      },
      "results": {
        "DivFlow": {
          "coverage": 0.625,
          "quality": 0.614343113361109,
          "diversity": 0.06536933217426055
        },
        "DPP": {
          "coverage": 0.875,
          "quality": 0.5022624286755107,
          "diversity": 0.10659911322051141
        },
        "Random": {
          "coverage": 0.875,
          "quality": 0.47541070264660323,
          "diversity": 0.07643605725886571
        },
        "TopQuality": {
          "coverage": 0.375,
          "quality": 0.8146629128959189,
          "diversity": 0.08110016735376302
        }
      }
    },
    {
      "prompt": "Describe the process of photosynthesis in plants.",
      "n_responses": 50,
      "n_topics": 8,
      "quality_dist": {
        "mean": 0.5491604558973151,
        "std": 0.17195075605403162,
        "min": 0.1,
        "max": 1.0
      },
      "results": {
        "DivFlow": {
          "coverage": 0.75,
          "quality": 0.6381373466361574,
          "diversity": 0.08340156213366279
        },
        "DPP": {
          "coverage": 0.75,
          "quality": 0.6143505198283006,
          "diversity": 0.1483210892475766
        },
        "Random": {
          "coverage": 0.625,
          "quality": 0.5498358784641939,
          "diversity": 0.1092278967664051
        },
        "TopQuality": {
          "coverage": 0.625,
          "quality": 0.7908535756998036,
          "diversity": 0.10550049072500722
        }
      }
    },
    {
      "prompt": "What are the ethical implications of artificial intelligence?",
      "n_responses": 50,
      "n_topics": 8,
      "quality_dist": {
        "mean": 0.7421979035000831,
        "std": 0.15286703008262947,
        "min": 0.1,
        "max": 1.0
      },
      "results": {
        "DivFlow": {
          "coverage": 0.75,
          "quality": 0.8825294376339421,
          "diversity": 0.054434729328251774
        },
        "DPP": {
          "coverage": 0.875,
          "quality": 0.6777099703788652,
          "diversity": 0.08382260679847542
        },
        "Random": {
          "coverage": 0.75,
          "quality": 0.7678165031162564,
          "diversity": 0.06796558823862331
        },
        "TopQuality": {
          "coverage": 0.75,
          "quality": 0.9282920231410688,
          "diversity": 0.059757543020156234
        }
      }
    },
    {
      "prompt": "How does the human immune system fight infections?",
      "n_responses": 50,
      "n_topics": 8,
      "quality_dist": {
        "mean": 0.6208522741707871,
        "std": 0.1808794652319882,
        "min": 0.1,
        "max": 1.0
      },
      "results": {
        "DivFlow": {
          "coverage": 0.75,
          "quality": 0.7231933348290447,
          "diversity": 0.08213511415345287
        },
        "DPP": {
          "coverage": 0.875,
          "quality": 0.6000402822333939,
          "diversity": 0.14521087517818632
        },
        "Random": {
          "coverage": 0.625,
          "quality": 0.5833187193793442,
          "diversity": 0.08460414742347677
        },
        "TopQuality": {
          "coverage": 0.375,
          "quality": 0.872659893587074,
          "diversity": 0.08917945967458918
        }
      }
    },
    {
      "prompt": "What are the main themes in Shakespeare's Hamlet?",
      "n_responses": 50,
      "n_topics": 8,
      "quality_dist": {
        "mean": 0.7987206663108605,
        "std": 0.2041936197049609,
        "min": 0.1,
        "max": 1.0000000000000002
      },
      "results": {
        "DivFlow": {
          "coverage": 0.625,
          "quality": 0.8980427385085472,