{
  "metadata": {
    "timestamp": "2026-02-24 11:34:44",
    "runtime_seconds": 2307.7241332530975
  },
  "scaled_baselines": {
    "config": {
      "n_prompts": 20,
      "n_responses": 200,
      "n_topics": 15,
      "k": 10,
      "total_evaluations": 4000
    },
    "methods": {
      "DivFlow": {
        "topic_coverage_mean": 0.6033333333333333,
        "topic_coverage_std": 0.04932882862316246,
        "topic_coverage_ci_95": [
          0.5333333333333333,
          0.6666666666666666
        ],
        "quality_mean": 0.8957746016720863,
        "quality_std": 0.013968114077308977,
        "quality_ci_95": [
          0.8736276449118792,
          0.9223824683156695
        ],
        "diversity_mean": 0.9778149731423114,
        "diversity_ci_95": [
          0.9265020848237525,
          1.0226515971879373
        ],
        "n_prompts": 20
      },
      "DPP": {
        "topic_coverage_mean": 0.6666666666666665,
        "topic_coverage_std": 1.1102230246251565e-16,
        "topic_coverage_ci_95": [
          0.6666666666666666,
          0.6666666666666666
        ],
        "quality_mean": 0.6493615530136817,
        "quality_std": 0.06540407866200203,
        "quality_ci_95": [
          0.5389853531585987,
          0.7694640920269896
        ],
        "diversity_mean": 1.0317737394914945,
        "diversity_ci_95": [
          0.9966598142789088,
          1.0655966861744317
        ],
        "n_prompts": 20
      },
      "Random": {
        "topic_coverage_mean": 0.4633333333333334,
        "topic_coverage_std": 0.0682316316348624,
        "topic_coverage_ci_95": [
          0.365,
          0.6
        ],
        "quality_mean": 0.6653200512802311,
        "quality_std": 0.0477992943780613,
        "quality_ci_95": [
          0.5845125945004472,
          0.7551524596931535
        ],
        "diversity_mean": 0.9132909435575881,
        "diversity_ci_95": [
          0.7973101968040122,
          0.9964312333405343
        ],
        "n_prompts": 20
      },
      "TopQuality": {
        "topic_coverage_mean": 0.4633333333333334,
        "topic_coverage_std": 0.0714142842854285,
        "topic_coverage_ci_95": [
          0.365,
          0.6
        ],
        "quality_mean": 0.9476944146686709,
        "quality_std": 0.008593395171219468,
        "quality_ci_95": [
          0.9302029174676686,
          0.9639605638638504
        ],
        "diversity_mean": 0.9102105854975082,
        "diversity_ci_95": [
          0.746816681869588,
          1.0061500908847143
        ],
        "n_prompts": 20
      }
    },
    "comparisons": {
      "DivFlow_vs_DPP": {
        "cohens_d_coverage": -1.769735423818947,
        "p_value_coverage": 0.0,
        "divflow_wins": 0,
        "ties": 6,
        "baseline_wins": 14
      },
      "DivFlow_vs_Random": {
        "cohens_d_coverage": 2.2920060069838715,
        "p_value_coverage": 0.0,
        "divflow_wins": 19,
        "ties": 1,
        "baseline_wins": 0
      },
      "DivFlow_vs_TopQuality": {
        "cohens_d_coverage": 2.2233674531796135,
        "p_value_coverage": 0.0,
        "divflow_wins": 19,
        "ties": 1,
        "baseline_wins": 0
      }
    },
    "multiple_testing": {
      "bonferroni": {
        "original_p_values": [
          0.0,
          0.0,
          0.0
        ],
        "corrected_p_values": [
          0.0,
          0.0,
          0.0
        ],
        "significant": [
          true,
          true,
          true
        ],
        "method": "bonferroni",
        "alpha": 0.05,
        "adjusted_alpha": 0.016666666666666666,
        "n_significant": 3,
        "n_tests": 3
      },
      "benjamini_hochberg": {
        "original_p_values": [
          0.0,
          0.0,
          0.0
        ],
        "corrected_p_values": [
          0.0,
          0.0,
          0.0
        ],
        "significant": [
          true,
          true,
          true
        ],
        "method": "bh",
        "alpha": 0.05,
        "adjusted_alpha": 0.05,
        "n_significant": 3,
        "n_tests": 3
      }
    },
    "power_analysis": {
      "min_detectable_effect": 0.1,
      "n_prompts_used": 20,
      "total_evaluations": 4000,
      "power_note": "With 20 prompts, we can detect effect sizes of Cohen's d >= 0.65 at power 0.80 (alpha=0.05, two-sided t-test)."
    }
  },
  "scaled_ic_analysis": {
    "n_candidates": 20,
    "n_topics": 15,
    "k": 5,
    "total_tests": 1200,
    "total_violations": 318,
    "violation_rate": 0.265,
    "ci_95": [
      0.24021390616106042,
      0.2909431710049344
    ],
    "type_a": 318,
    "type_b": 0,
    "type_c": 0,
    "c1_max_error": 3.3306690738754696e-16,
    "c2_approximation_ratio": 1.0,
    "theoretical_eps_ic": 0.4910567352321026,
    "empirical_eps_ic": 0.5646690276442459
  },
  "refined_z3": {
    "grid_resolution": 15,
    "grid_spacing": 0.07142857142857142,
    "n_agents": 8,
    "k_select": 2,
    "n_grid_certified": 2,
    "n_soundness_certified": 0,
    "grid_certification_rate": 0.25,
    "grid_certification_ci_95": [
      0.031854026249944226,
      0.6508557944128242
    ],
    "soundness_certification_rate": 0.0,
    "soundness_ci_95": [
      0.0,
      0.3694166475528192
    ],
    "lipschitz_max": 13.1913648090011,
    "lipschitz_analytical": 2.4,
    "soundness_gap_global": 0.9422403435000786,
    "soundness_gap_analytical": 0.1714285714285714,
    "soundness_argument": "Grid spacing h=0.0714. Empirical Lipschitz L_emp=13.1914, analytical L_ana=2.4000. Between grid points, utility change bounded by L*h. Global gap=0.942240, analytical gap=0.171429. Grid-certified: no violations at 15 grid points. Soundness-certified: grid-certified AND per-agent L*h < epsilon=0.0001. Note: soundness certification is conservative; grid certification is meaningful when most IC violations arise at selection boundaries (Type A), as empirically observed.",
    "total_violations": 18,
    "total_tests": 120,
    "violation_rate": 0.15,
    "violation_ci_95": [
      0.09138957252822999,
      0.22666714341262836
    ],
    "agent_results": {
      "agent_0": {
        "grid_certified": false,
        "violations": 1,
        "max_gain": 0.3747853140855366,
        "worst_fake_q": 1.0,
        "lipschitz_estimate": 5.246994397197513,
        "agent_soundness_gap": 0.3747853140855366,
        "soundness_certified": false
      },
      "agent_1": {
        "grid_certified": false,
        "violations": 1,
        "max_gain": 0.36694863528002136,
        "worst_fake_q": 1.0,
        "lipschitz_estimate": 5.137280893920299,
        "agent_soundness_gap": 0.36694863528002136,
        "soundness_certified": false
      },
      "agent_2": {
        "grid_certified": true,
        "violations": 0,
        "max_gain": 0.0,
        "worst_fake_q": null,
        "lipschitz_estimate": 7.228867166518203,
        "agent_soundness_gap": 0.5163476547513002,
        "soundness_certified": false
      },
      "agent_3": {
        "grid_certified": false,
        "violations": 1,
        "max_gain": 0.4871052028050915,
        "worst_fake_q": 1.0,
        "lipschitz_estimate": 6.819472839271281,
        "agent_soundness_gap": 0.4871052028050915,
        "soundness_certified": false
      },
      "agent_4": {
        "grid_certified": true,
        "violations": 0,
        "max_gain": 0.0,
        "worst_fake_q": null,
        "lipschitz_estimate": 13.1913648090011,
        "agent_soundness_gap": 0.9422403435000786,
        "soundness_certified": false
      },
      "agent_5": {
        "grid_certified": false,
        "violations": 5,
        "max_gain": 0.2130396153944329,
        "worst_fake_q": 0.7142857142857142,
        "lipschitz_estimate": 2.982554615522061,
        "agent_soundness_gap": 0.2130396153944329,
        "soundness_certified": false
      },
      "agent_6": {
        "grid_certified": false,
        "violations": 5,
        "max_gain": 0.2561612696739433,