{
  "single_pattern": {
    "mp": {
      "mean_ms": 0.6315591200655035,
      "stdev_ms": 0.1867767365055042,
      "min_ms": 0.5119160014146473,
      "max_ms": 1.8103750007867347
    },
    "sb": {
      "mean_ms": 0.6363788000271597,
      "stdev_ms": 0.15314451628955186,
      "min_ms": 0.523083001098712,
      "max_ms": 1.3892500010115327
    },
    "lb": {
      "mean_ms": 0.6561674500881054,
      "stdev_ms": 0.22140823210224317,
      "min_ms": 0.5214160009927582,
      "max_ms": 2.1318749986676266
    },
    "iriw": {
      "mean_ms": 3.3400250100203266,
      "stdev_ms": 0.3702317991499541,
      "min_ms": 3.0413749991566874,
      "max_ms": 4.911416999675566
    },
    "2+2w": {
      "mean_ms": 6.007209530071123,
      "stdev_ms": 0.5542141292935099,
      "min_ms": 5.485916000907309,
      "max_ms": 8.448582999335486
    },
    "rwc": {
      "mean_ms": 1.376787109857105,
      "stdev_ms": 0.21156585269102976,
      "min_ms": 1.1304580002615694,
      "max_ms": 2.294624999194639
    },
    "wrc": {
      "mean_ms": 1.5672575797907484,
      "stdev_ms": 0.827280244585706,
      "min_ms": 1.1304999989079079,
      "max_ms": 7.569457999125007
    },
    "mp_fence": {
      "mean_ms": 2.1420845599823224,
      "stdev_ms": 5.955672523138671,
      "min_ms": 0.5523340005311184,
      "max_ms": 43.740333001551335
    },
    "sb_fence": {
      "mean_ms": 1.1676271000760607,
      "stdev_ms": 3.1862014816296758,
      "min_ms": 0.5568329997913679,
      "max_ms": 31.689333000031183
    },
    "isa2": {
      "mean_ms": 1.5586325300319004,
      "stdev_ms": 0.527659479226427,
      "min_ms": 1.1290830007055774,
      "max_ms": 4.193165999822668
    }
  },
  "full_analysis": {
    "mean_ms": 134.58457714987162,
    "stdev_ms": 31.15830522983123,
    "min_ms": 104.84520800127939,
    "max_ms": 233.82800000035786,
    "n_runs": 20
  },
  "automorphism": {
    "mp": {
      "mean_ms": 0.0404448900189891,
      "n_automorphisms": 1
    },
    "sb": {
      "mean_ms": 0.04725333004898857,
      "n_automorphisms": 2
    },
    "lb": {
      "mean_ms": 0.04755527999805054,
      "n_automorphisms": 2
    },
    "iriw": {
      "mean_ms": 1.6444916699401801,
      "n_automorphisms": 2
    },
    "2+2w": {
      "mean_ms": 0.17420084992409102,
      "n_automorphisms": 1
    },
    "rwc": {
      "mean_ms": 0.6829004197970789,
      "n_automorphisms": 1
    },
    "wrc": {
      "mean_ms": 0.17543951000334346,
      "n_automorphisms": 1
    },
    "mp_fence": {
      "mean_ms": 0.04894953995972173,
      "n_automorphisms": 1
    },
    "sb_fence": {
      "mean_ms": 0.05626408979878761,
      "n_automorphisms": 2
    },
    "isa2": {
      "mean_ms": 0.13022323009863612,
      "n_automorphisms": 1
    }
  }
}